{
"type": "FeatureCollection",
"name": "regions_it",
"crs": { "type": "name", "properties": { "name": "urn:ogc:def:crs:OGC:1.3:CRS84" } },
"xy_coordinate_resolution": 1e-05,
"features": [
{ "type": "Feature", "properties": { "COD_RIP": 1, "COD_REG": 1, "DEN_REG": "Piemonte", "Shape_Leng": 1204253.49397, "Shape_Area": 25388840966.5 }, "geometry": { "type": "Polygon", "coordinates": [ [ [ 8.44549, 46.46371 ], [ 8.46582, 46.44349 ], [ 8.45767, 46.42236 ], [ 8.46853, 46.41163 ], [ 8.46335, 46.38428 ], [ 8.46855, 46.36487 ], [ 8.46202, 46.35321 ], [ 8.46522, 46.33405 ], [ 8.44384, 46.3195 ], [ 8.44013, 46.30477 ], [ 8.42752, 46.29827 ], [ 8.45625, 46.26351 ], [ 8.44892, 46.26105 ], [ 8.44356, 46.24993 ], [ 8.46457, 46.2444 ], [ 8.46922, 46.23294 ], [ 8.53262, 46.2171 ], [ 8.54069, 46.19767 ], [ 8.56372, 46.18394 ], [ 8.57371, 46.16438 ], [ 8.60239, 46.15363 ], [ 8.59245, 46.14578 ], [ 8.60964, 46.13261 ], [ 8.61187, 46.12145 ], [ 8.64797, 46.12312 ], [ 8.65829, 46.11256 ], [ 8.71482, 46.09804 ], [ 8.70548, 46.08193 ], [ 8.72876, 46.02923 ], [ 8.72081, 46.01229 ], [ 8.59487, 45.92255 ], [ 8.57064, 45.90003 ], [ 8.57051, 45.88951 ], [ 8.5931, 45.85038 ], [ 8.5952, 45.83361 ], [ 8.58794, 45.81893 ], [ 8.55557, 45.80004 ], [ 8.554, 45.77841 ], [ 8.59455, 45.72977 ], [ 8.64287, 45.72316 ], [ 8.65343, 45.71397 ], [ 8.6408, 45.67681 ], [ 8.6812, 45.6764 ], [ 8.68198, 45.66945 ], [ 8.66984, 45.66142 ], [ 8.68818, 45.63699 ], [ 8.67865, 45.63363 ], [ 8.66566, 45.64288 ], [ 8.65894, 45.63775 ], [ 8.66309, 45.62203 ], [ 8.68213, 45.62034 ], [ 8.69186, 45.6041 ], [ 8.70315, 45.60006 ], [ 8.70444, 45.58831 ], [ 8.69335, 45.57778 ], [ 8.70553, 45.56915 ], [ 8.70722, 45.54906 ], [ 8.71695, 45.53432 ], [ 8.71439, 45.51788 ], [ 8.72789, 45.5024 ], [ 8.76035, 45.49685 ], [ 8.77349, 45.4847 ], [ 8.78749, 45.48623 ], [ 8.78926, 45.46555 ], [ 8.81007, 45.44598 ], [ 8.8143, 45.43362 ], [ 8.82583, 45.43395 ], [ 8.82192, 45.42676 ], [ 8.84219, 45.39895 ], [ 8.83868, 45.39268 ], [ 8.81051, 45.38878 ], [ 8.8119, 45.38327 ], [ 8.80154, 45.37918 ], [ 8.76495, 45.38759 ], [ 8.76089, 45.37648 ], [ 8.71929, 45.37838 ], [ 8.72224, 45.37058 ], [ 8.74749, 45.35629 ], [ 8.76066, 45.3557 ], [ 8.76254, 45.34862 ], [ 8.73509, 45.33341 ], [ 8.72432, 45.33581 ], [ 8.71667, 45.30808 ], [ 8.70899, 45.29917 ], [ 8.69365, 45.29372 ], [ 8.66489, 45.29283 ], [ 8.65571, 45.32568 ], [ 8.63419, 45.33694 ], [ 8.62286, 45.35525 ], [ 8.57785, 45.34777 ], [ 8.55721, 45.3533 ], [ 8.55175, 45.36132 ], [ 8.54202, 45.3478 ], [ 8.52665, 45.34316 ], [ 8.53773, 45.3204 ], [ 8.52161, 45.31228 ], [ 8.51313, 45.31285 ], [ 8.49834, 45.29223 ], [ 8.51742, 45.28663 ], [ 8.51408, 45.27432 ], [ 8.52325, 45.27437 ], [ 8.52241, 45.27914 ], [ 8.53511, 45.2778 ], [ 8.53272, 45.26533 ], [ 8.54338, 45.25328 ], [ 8.53601, 45.24759 ], [ 8.53091, 45.25369 ], [ 8.52277, 45.25463 ], [ 8.5225, 45.24924 ], [ 8.55618, 45.2414 ], [ 8.54873, 45.23796 ], [ 8.5291, 45.23951 ], [ 8.54365, 45.234 ], [ 8.52708, 45.22915 ], [ 8.52324, 45.2216 ], [ 8.54805, 45.20412 ], [ 8.53224, 45.19928 ], [ 8.52542, 45.20199 ], [ 8.52454, 45.19841 ], [ 8.52941, 45.19345 ], [ 8.54648, 45.19486 ], [ 8.55603, 45.20486 ], [ 8.57779, 45.20792 ], [ 8.58121, 45.20221 ], [ 8.54554, 45.18294 ], [ 8.54297, 45.173 ], [ 8.55669, 45.1577 ], [ 8.58067, 45.15226 ], [ 8.59454, 45.13083 ], [ 8.61085, 45.12764 ], [ 8.60867, 45.10761 ], [ 8.63656, 45.08379 ], [ 8.64695, 45.05554 ], [ 8.63474, 45.04096 ], [ 8.65259, 45.03431 ], [ 8.65703, 45.02843 ], [ 8.65196, 45.02369 ], [ 8.65907, 45.01797 ], [ 8.67293, 45.02792 ], [ 8.69504, 45.02323 ], [ 8.71006, 45.03829 ], [ 8.72802, 45.02285 ], [ 8.75054, 45.02073 ], [ 8.75411, 45.01533 ], [ 8.74788, 45.00915 ], [ 8.76173, 45.0121 ], [ 8.77128, 45.00673 ], [ 8.77868, 45.01325 ], [ 8.7777, 45.02373 ], [ 8.7921, 45.01982 ], [ 8.80075, 45.02286 ], [ 8.79621, 45.03581 ], [ 8.80992, 45.03428 ], [ 8.82536, 45.04401 ], [ 8.84888, 45.04968 ], [ 8.86373, 45.04817 ], [ 8.87927, 45.05904 ], [ 8.90004, 45.04399 ], [ 8.90466, 45.02662 ], [ 8.90127, 45.00776 ], [ 8.91686, 44.98812 ], [ 8.93816, 44.98201 ], [ 8.9445, 44.98714 ], [ 8.95851, 44.98749 ], [ 8.97763, 44.96601 ], [ 8.97061, 44.94324 ], [ 8.98821, 44.93085 ], [ 9.00135, 44.90819 ], [ 9.04217, 44.88447 ], [ 9.05522, 44.88892 ], [ 9.07007, 44.86468 ], [ 9.04969, 44.8501 ], [ 9.07291, 44.82803 ], [ 9.07264, 44.81709 ], [ 9.0799, 44.8142 ], [ 9.09515, 44.81903 ], [ 9.1158, 44.8073 ], [ 9.12612, 44.80619 ], [ 9.14673, 44.80904 ], [ 9.15553, 44.81495 ], [ 9.15512, 44.80941 ], [ 9.1735, 44.79615 ], [ 9.17173, 44.77168 ], [ 9.19416, 44.75684 ], [ 9.21355, 44.75235 ], [ 9.20283, 44.72206 ], [ 9.20723, 44.70553 ], [ 9.1992, 44.68411 ], [ 9.20643, 44.6602 ], [ 9.19859, 44.63863 ], [ 9.20495, 44.59854 ], [ 9.15255, 44.57422 ], [ 9.13519, 44.57448 ], [ 9.10986, 44.58392 ], [ 9.09783, 44.61384 ], [ 9.07333, 44.62434 ], [ 9.05803, 44.62181 ], [ 9.04705, 44.61466 ], [ 9.03904, 44.63659 ], [ 9.01469, 44.66607 ], [ 8.97364, 44.66315 ], [ 8.95952, 44.67602 ], [ 8.93454, 44.67642 ], [ 8.92177, 44.6723 ], [ 8.92188, 44.66357 ], [ 8.90882, 44.64764 ], [ 8.88262, 44.63875 ], [ 8.90442, 44.62063 ], [ 8.91189, 44.58003 ], [ 8.92177, 44.56799 ], [ 8.9175, 44.56106 ], [ 8.89134, 44.55063 ], [ 8.86861, 44.56624 ], [ 8.86291, 44.56061 ], [ 8.82656, 44.56155 ], [ 8.82221, 44.55025 ], [ 8.82877, 44.54307 ], [ 8.79908, 44.53015 ], [ 8.79492, 44.52255 ], [ 8.79879, 44.50009 ], [ 8.78242, 44.48839 ], [ 8.76694, 44.49195 ], [ 8.77153, 44.50776 ], [ 8.76756, 44.52496 ], [ 8.75575, 44.53061 ], [ 8.75674, 44.53612 ], [ 8.73469, 44.56629 ], [ 8.71408, 44.58145 ], [ 8.68809, 44.58036 ], [ 8.68221, 44.57547 ], [ 8.6676, 44.58233 ], [ 8.64019, 44.57914 ], [ 8.62524, 44.58479 ], [ 8.611, 44.57055 ], [ 8.60089, 44.56782 ], [ 8.59886, 44.55872 ], [ 8.61354, 44.54551 ], [ 8.60591, 44.53809 ], [ 8.5928, 44.53518 ], [ 8.58669, 44.52419 ], [ 8.57376, 44.52332 ], [ 8.57616, 44.50923 ], [ 8.55183, 44.50352 ], [ 8.53679, 44.51299 ], [ 8.4818, 44.51084 ], [ 8.47066, 44.52248 ], [ 8.45315, 44.50988 ], [ 8.4495, 44.49739 ], [ 8.4421, 44.503 ], [ 8.42863, 44.50253 ], [ 8.41613, 44.51236 ], [ 8.40369, 44.50745 ], [ 8.38845, 44.47704 ], [ 8.35953, 44.465 ], [ 8.34918, 44.48555 ], [ 8.32028, 44.48916 ], [ 8.3048, 44.50347 ], [ 8.27604, 44.50667 ], [ 8.25278, 44.52875 ], [ 8.22416, 44.51417 ], [ 8.2162, 44.4973 ], [ 8.22132, 44.48385 ], [ 8.19667, 44.4784 ], [ 8.19655, 44.46645 ], [ 8.20845, 44.45688 ], [ 8.20897, 44.44633 ], [ 8.22284, 44.431 ], [ 8.20986, 44.41898 ], [ 8.20636, 44.40427 ], [ 8.18651, 44.3953 ], [ 8.18002, 44.39815 ], [ 8.17075, 44.39485 ], [ 8.16193, 44.38583 ], [ 8.14807, 44.38413 ], [ 8.14083, 44.37121 ], [ 8.14864, 44.35481 ], [ 8.14499, 44.34664 ], [ 8.13002, 44.33048 ], [ 8.10644, 44.33237 ], [ 8.10768, 44.3127 ], [ 8.10196, 44.30093 ], [ 8.07602, 44.31396 ], [ 8.06079, 44.2999 ], [ 8.06356, 44.28827 ], [ 8.07604, 44.28753 ], [ 8.08996, 44.27392 ], [ 8.08177, 44.2625 ], [ 8.0631, 44.25307 ], [ 8.0811, 44.24004 ], [ 8.06536, 44.21694 ], [ 8.09485, 44.19726 ], [ 8.09172, 44.18829 ], [ 8.09717, 44.17871 ], [ 8.08073, 44.16533 ], [ 8.0682, 44.14498 ], [ 8.04293, 44.14283 ], [ 8.02913, 44.15383 ], [ 8.01184, 44.1559 ], [ 7.97963, 44.13846 ], [ 7.97893, 44.13354 ], [ 8.0105, 44.12209 ], [ 8.00986, 44.11272 ], [ 8.01492, 44.10995 ], [ 8.00688, 44.10259 ], [ 7.97063, 44.1138 ], [ 7.958, 44.10369 ], [ 7.94277, 44.10087 ], [ 7.92529, 44.11001 ], [ 7.88643, 44.10517 ], [ 7.86847, 44.11694 ], [ 7.816, 44.12307 ], [ 7.7638, 44.1407 ], [ 7.73185, 44.12767 ], [ 7.72296, 44.12021 ], [ 7.71802, 44.10358 ], [ 7.73289, 44.08365 ], [ 7.75936, 44.0843 ], [ 7.73789, 44.07637 ], [ 7.72325, 44.06062 ], [ 7.71433, 44.06156 ], [ 7.71824, 44.082 ], [ 7.66745, 44.12981 ], [ 7.67875, 44.14663 ], [ 7.67068, 44.153 ], [ 7.67233, 44.15965 ], [ 7.68465, 44.17392 ], [ 7.64499, 44.17812 ], [ 7.63308, 44.17406 ], [ 7.61921, 44.14945 ], [ 7.56601, 44.1551 ], [ 7.55635, 44.14778 ], [ 7.53495, 44.14744 ], [ 7.5218, 44.13798 ], [ 7.50766, 44.14449 ], [ 7.45804, 44.12655 ], [ 7.42817, 44.13041 ], [ 7.42335, 44.11332 ], [ 7.39265, 44.12556 ], [ 7.36048, 44.11667 ], [ 7.35528, 44.11803 ], [ 7.34191, 44.14605 ], [ 7.2921, 44.14592 ], [ 7.27834, 44.14169 ], [ 7.24842, 44.15797 ], [ 7.24323, 44.17163 ], [ 7.23725, 44.17423 ], [ 7.21887, 44.16856 ], [ 7.20599, 44.18208 ], [ 7.1936, 44.18683 ], [ 7.1839, 44.1999 ], [ 7.16067, 44.20708 ], [ 7.14275, 44.20051 ], [ 7.1184, 44.21507 ], [ 7.09383, 44.22075 ], [ 7.08643, 44.22931 ], [ 7.06963, 44.23364 ], [ 7.03498, 44.22397 ], [ 7.02734, 44.23151 ], [ 7.00849, 44.23563 ], [ 6.9967, 44.25008 ], [ 6.99524, 44.27966 ], [ 6.95834, 44.29548 ], [ 6.96071, 44.3112 ], [ 6.92678, 44.33319 ], [ 6.91882, 44.35284 ], [ 6.88723, 44.36203 ], [ 6.89659, 44.37615 ], [ 6.89279, 44.42023 ], [ 6.94839, 44.42983 ], [ 6.91199, 44.45278 ], [ 6.90688, 44.46563 ], [ 6.87617, 44.48149 ], [ 6.85966, 44.50594 ], [ 6.85547, 44.5326 ], [ 6.88147, 44.55395 ], [ 6.91358, 44.55866 ], [ 6.91247, 44.56852 ], [ 6.93259, 44.57289 ], [ 6.93771, 44.60312 ], [ 6.95228, 44.62051 ], [ 6.96868, 44.6196 ], [ 6.96848, 44.62633 ], [ 6.95266, 44.63782 ], [ 6.9476, 44.65262 ], [ 6.96214, 44.67689 ], [ 6.98892, 44.69023 ], [ 7.02922, 44.69161 ], [ 7.04894, 44.68307 ], [ 7.07112, 44.67987 ], [ 7.07616, 44.68385 ], [ 7.07433, 44.69227 ], [ 7.06596, 44.70982 ], [ 7.04106, 44.71956 ], [ 7.03061, 44.72888 ], [ 7.02225, 44.74795 ], [ 7.02125, 44.77168 ], [ 7.00154, 44.7911 ], [ 7.02347, 44.82193 ], [ 7.0097, 44.82639 ], [ 7.00609, 44.83997 ], [ 6.96339, 44.85011 ], [ 6.9323, 44.86298 ], [ 6.91284, 44.84486 ], [ 6.87109, 44.84996 ], [ 6.8083, 44.87624 ], [ 6.79965, 44.88645 ], [ 6.78606, 44.88878 ], [ 6.76778, 44.90247 ], [ 6.75084, 44.90617 ], [ 6.75046, 44.92362 ], [ 6.76001, 44.93381 ], [ 6.74757, 44.93928 ], [ 6.76555, 44.96161 ], [ 6.76364, 44.97145 ], [ 6.7395, 44.98967 ], [ 6.75143, 44.99798 ], [ 6.74587, 45.01291 ], [ 6.72459, 45.02198 ], [ 6.67942, 45.02029 ], [ 6.67142, 45.02351 ], [ 6.66454, 45.03405 ], [ 6.66226, 45.07138 ], [ 6.64617, 45.07502 ], [ 6.64643, 45.08189 ], [ 6.62686, 45.10495 ], [ 6.63478, 45.11579 ], [ 6.67194, 45.12421 ], [ 6.68021, 45.14041 ], [ 6.71203, 45.14477 ], [ 6.7402, 45.13697 ], [ 6.76916, 45.15984 ], [ 6.82284, 45.1441 ], [ 6.84832, 45.12731 ], [ 6.89393, 45.13728 ], [ 6.89794, 45.1427 ], [ 6.88611, 45.15407 ], [ 6.89433, 45.16884 ], [ 6.91139, 45.16694 ], [ 6.94611, 45.17198 ], [ 6.94321, 45.1759 ], [ 6.95258, 45.18004 ], [ 6.95524, 45.19121 ], [ 6.96693, 45.19688 ], [ 6.96062, 45.20298 ], [ 6.96518, 45.20716 ], [ 6.98909, 45.21018 ], [ 7.00145, 45.21854 ], [ 7.02517, 45.21612 ], [ 7.04755, 45.22588 ], [ 7.06691, 45.21026 ], [ 7.08309, 45.21635 ], [ 7.08589, 45.22541 ], [ 7.11051, 45.24608 ], [ 7.12476, 45.24433 ], [ 7.13494, 45.25414 ], [ 7.13148, 45.27401 ], [ 7.13601, 45.2804 ], [ 7.12125, 45.29746 ], [ 7.10951, 45.32702 ], [ 7.13255, 45.33039 ], [ 7.13371, 45.34783 ], [ 7.16444, 45.36068 ], [ 7.15893, 45.37021 ], [ 7.16328, 45.38179 ], [ 7.1785, 45.39193 ], [ 7.18476, 45.40261 ], [ 7.14941, 45.42339 ], [ 7.12072, 45.43165 ], [ 7.10034, 45.45618 ], [ 7.10027, 45.46425 ], [ 7.11467, 45.47747 ], [ 7.12167, 45.50624 ], [ 7.1343, 45.51546 ], [ 7.14232, 45.51057 ], [ 7.14297, 45.4985 ], [ 7.13692, 45.49086 ], [ 7.14359, 45.47783 ], [ 7.16033, 45.48659 ], [ 7.19947, 45.48115 ], [ 7.20984, 45.47256 ], [ 7.22166, 45.47057 ], [ 7.24755, 45.49407 ], [ 7.26373, 45.49903 ], [ 7.27003, 45.5146 ], [ 7.30286, 45.51695 ], [ 7.32111, 45.51403 ], [ 7.3593, 45.52587 ], [ 7.37724, 45.5169 ], [ 7.39575, 45.53088 ], [ 7.41072, 45.5355 ], [ 7.42059, 45.54657 ], [ 7.44711, 45.55534 ], [ 7.46353, 45.57482 ], [ 7.48932, 45.58311 ], [ 7.53177, 45.57679 ], [ 7.54737, 45.58802 ], [ 7.56648, 45.59162 ], [ 7.58209, 45.58181 ], [ 7.5997, 45.57809 ], [ 7.60907, 45.56288 ], [ 7.63486, 45.57037 ], [ 7.6755, 45.55235 ], [ 7.71893, 45.55889 ], [ 7.73323, 45.55055 ], [ 7.82779, 45.59707 ], [ 7.87918, 45.60016 ], [ 7.89579, 45.59003 ], [ 7.90077, 45.59172 ], [ 7.89812, 45.61294 ], [ 7.91504, 45.63274 ], [ 7.93837, 45.63912 ], [ 7.93903, 45.64446 ], [ 7.92717, 45.65144 ], [ 7.90476, 45.68567 ], [ 7.91148, 45.7004 ], [ 7.9203, 45.7019 ], [ 7.93575, 45.72369 ], [ 7.92919, 45.73955 ], [ 7.90024, 45.74924 ], [ 7.88493, 45.7602 ], [ 7.86407, 45.79004 ], [ 7.86233, 45.8199 ], [ 7.87233, 45.82601 ], [ 7.86386, 45.83958 ], [ 7.87558, 45.86211 ], [ 7.86872, 45.86893 ], [ 7.86137, 45.91041 ], [ 7.87696, 45.92643 ], [ 7.8684, 45.93764 ], [ 7.87806, 45.9734 ], [ 7.89466, 45.98093 ], [ 7.90635, 45.99413 ], [ 7.9887, 45.99632 ], [ 8.01296, 46.01608 ], [ 8.01396, 46.03261 ], [ 8.0332, 46.04707 ], [ 8.02237, 46.0697 ], [ 8.03281, 46.09757 ], [ 8.10768, 46.11159 ], [ 8.11497, 46.13031 ], [ 8.15026, 46.1413 ], [ 8.15058, 46.16391 ], [ 8.16545, 46.18226 ], [ 8.15174, 46.19742 ], [ 8.139, 46.22608 ], [ 8.12501, 46.22958 ], [ 8.10749, 46.24993 ], [ 8.08761, 46.25414 ], [ 8.08043, 46.26077 ], [ 8.13771, 46.30161 ], [ 8.16365, 46.29644 ], [ 8.20316, 46.30427 ], [ 8.22547, 46.33513 ], [ 8.26108, 46.34788 ], [ 8.2634, 46.36366 ], [ 8.28482, 46.36505 ], [ 8.31235, 46.37684 ], [ 8.3169, 46.39724 ], [ 8.29067, 46.40747 ], [ 8.30601, 46.42563 ], [ 8.33044, 46.42865 ], [ 8.3645, 46.45114 ], [ 8.39149, 46.45193 ], [ 8.44549, 46.46371 ] ], [ [ 8.70335, 45.01468 ], [ 8.70652, 45.01898 ], [ 8.70568, 45.02454 ], [ 8.70335, 45.01468 ] ], [ [ 8.81669, 45.02194 ], [ 8.81001, 45.01907 ], [ 8.81074, 45.01733 ], [ 8.81626, 45.01839 ], [ 8.81669, 45.02194 ] ] ] } },
{ "type": "Feature", "properties": { "COD_RIP": 1, "COD_REG": 2, "DEN_REG": "Valle d'Aosta/Vallée d'Aoste", "Shape_Leng": 306881.117104, "Shape_Area": 3260044967.9899998 }, "geometry": { "type": "Polygon", "coordinates": [ [ [ 7.57478, 45.98748 ], [ 7.58857, 45.97075 ], [ 7.63922, 45.97032 ], [ 7.66371, 45.97555 ], [ 7.68126, 45.95718 ], [ 7.70988, 45.94826 ], [ 7.70903, 45.93349 ], [ 7.72014, 45.92369 ], [ 7.73522, 45.92396 ], [ 7.75058, 45.93977 ], [ 7.76923, 45.93685 ], [ 7.80009, 45.91712 ], [ 7.8214, 45.92686 ], [ 7.86405, 45.91644 ], [ 7.86872, 45.86893 ], [ 7.87558, 45.86211 ], [ 7.86386, 45.83958 ], [ 7.87233, 45.82601 ], [ 7.86233, 45.8199 ], [ 7.86407, 45.79004 ], [ 7.88493, 45.7602 ], [ 7.90024, 45.74924 ], [ 7.92919, 45.73955 ], [ 7.93575, 45.72369 ], [ 7.9203, 45.7019 ], [ 7.91148, 45.7004 ], [ 7.90476, 45.68567 ], [ 7.92717, 45.65144 ], [ 7.93903, 45.64446 ], [ 7.93837, 45.63912 ], [ 7.91504, 45.63274 ], [ 7.89812, 45.61294 ], [ 7.90077, 45.59172 ], [ 7.89579, 45.59003 ], [ 7.87918, 45.60016 ], [ 7.82779, 45.59707 ], [ 7.73323, 45.55055 ], [ 7.71893, 45.55889 ], [ 7.6755, 45.55235 ], [ 7.63486, 45.57037 ], [ 7.60907, 45.56288 ], [ 7.5997, 45.57809 ], [ 7.58209, 45.58181 ], [ 7.56648, 45.59162 ], [ 7.54737, 45.58802 ], [ 7.53177, 45.57679 ], [ 7.48932, 45.58311 ], [ 7.46353, 45.57482 ], [ 7.44711, 45.55534 ], [ 7.42059, 45.54657 ], [ 7.41072, 45.5355 ], [ 7.39575, 45.53088 ], [ 7.37724, 45.5169 ], [ 7.3593, 45.52587 ], [ 7.32111, 45.51403 ], [ 7.30286, 45.51695 ], [ 7.27003, 45.5146 ], [ 7.26373, 45.49903 ], [ 7.24755, 45.49407 ], [ 7.22166, 45.47057 ], [ 7.20984, 45.47256 ], [ 7.19947, 45.48115 ], [ 7.16033, 45.48659 ], [ 7.14321, 45.47803 ], [ 7.13692, 45.49086 ], [ 7.14297, 45.4985 ], [ 7.13753, 45.51626 ], [ 7.12167, 45.50624 ], [ 7.11467, 45.47747 ], [ 7.10433, 45.46696 ], [ 7.07865, 45.47312 ], [ 7.04646, 45.47307 ], [ 7.04461, 45.47997 ], [ 7.05456, 45.49401 ], [ 7.01959, 45.49765 ], [ 6.99982, 45.50513 ], [ 7.00376, 45.52003 ], [ 6.99039, 45.53066 ], [ 6.99557, 45.54483 ], [ 6.98976, 45.56263 ], [ 6.99503, 45.57615 ], [ 6.97786, 45.58894 ], [ 6.98449, 45.62362 ], [ 6.9969, 45.6309 ], [ 7.0008, 45.64026 ], [ 6.98045, 45.64534 ], [ 6.96857, 45.65451 ], [ 6.93269, 45.64734 ], [ 6.91636, 45.65225 ], [ 6.9028, 45.68026 ], [ 6.89283, 45.67604 ], [ 6.85631, 45.68555 ], [ 6.8133, 45.72264 ], [ 6.81051, 45.72882 ], [ 6.81728, 45.73975 ], [ 6.80661, 45.7469 ], [ 6.80155, 45.78168 ], [ 6.81157, 45.79836 ], [ 6.80544, 45.81697 ], [ 6.81911, 45.83655 ], [ 6.84311, 45.84225 ], [ 6.86467, 45.83315 ], [ 6.87941, 45.84977 ], [ 6.89741, 45.84264 ], [ 6.94208, 45.84869 ], [ 6.95507, 45.86078 ], [ 6.99626, 45.87155 ], [ 7.00572, 45.88862 ], [ 7.00428, 45.89982 ], [ 7.02197, 45.91683 ], [ 7.04172, 45.92281 ], [ 7.05731, 45.91433 ], [ 7.09421, 45.87632 ], [ 7.09787, 45.86196 ], [ 7.10823, 45.85818 ], [ 7.15412, 45.87932 ], [ 7.16449, 45.87688 ], [ 7.16135, 45.87155 ], [ 7.17533, 45.86291 ], [ 7.18949, 45.85859 ], [ 7.19674, 45.86069 ], [ 7.20003, 45.87528 ], [ 7.22073, 45.88964 ], [ 7.25294, 45.88872 ], [ 7.273, 45.90007 ], [ 7.2942, 45.92172 ], [ 7.3242, 45.91039 ], [ 7.34425, 45.91509 ], [ 7.38373, 45.89683 ], [ 7.40302, 45.9106 ], [ 7.41189, 45.90924 ], [ 7.42716, 45.91567 ], [ 7.44208, 45.92976 ], [ 7.47417, 45.93559 ], [ 7.47141, 45.94727 ], [ 7.47813, 45.95263 ], [ 7.50234, 45.96066 ], [ 7.54101, 45.95636 ], [ 7.54602, 45.96208 ], [ 7.54159, 45.97659 ], [ 7.54625, 45.9845 ], [ 7.57478, 45.98748 ] ] ] } },
{ "type": "Feature", "properties": { "COD_RIP": 1, "COD_REG": 3, "DEN_REG": "Lombardia", "Shape_Leng": 1379968.0490600001, "Shape_Area": 23861437147.900002 }, "geometry": { "type": "MultiPolygon", "coordinates": [ [ [ [ 8.8169, 45.0191 ], [ 8.81001, 45.01907 ], [ 8.81642, 45.02231 ], [ 8.8169, 45.0191 ] ] ], [ [ [ 8.70645, 45.02141 ], [ 8.70335, 45.01446 ], [ 8.70568, 45.02454 ], [ 8.70645, 45.02141 ] ] ], [ [ [ 8.97382, 45.98355 ], [ 8.97783, 45.96856 ], [ 8.97519, 45.96159 ], [ 8.97027, 45.96155 ], [ 8.95788, 45.96474 ], [ 8.96685, 45.98403 ], [ 8.97382, 45.98355 ] ] ], [ [ [ 10.23906, 46.63519 ], [ 10.25641, 46.60849 ], [ 10.2416, 46.59146 ], [ 10.244, 46.5784 ], [ 10.25352, 46.57183 ], [ 10.27105, 46.57647 ], [ 10.2823, 46.57153 ], [ 10.2943, 46.56011 ], [ 10.29575, 46.5504 ], [ 10.31129, 46.54687 ], [ 10.32511, 46.55147 ], [ 10.33823, 46.54301 ], [ 10.35221, 46.55557 ], [ 10.36629, 46.55488 ], [ 10.39756, 46.54394 ], [ 10.41934, 46.55105 ], [ 10.45314, 46.53055 ], [ 10.45794, 46.51059 ], [ 10.47779, 46.49522 ], [ 10.497, 46.49736 ], [ 10.55501, 46.48903 ], [ 10.57613, 46.47427 ], [ 10.59984, 46.46882 ], [ 10.62183, 46.44796 ], [ 10.61795, 46.4174 ], [ 10.63098, 46.40229 ], [ 10.60599, 46.37923 ], [ 10.56704, 46.37793 ], [ 10.54198, 46.3609 ], [ 10.53999, 46.35475 ], [ 10.5195, 46.35576 ], [ 10.51594, 46.34637 ], [ 10.56303, 46.3273 ], [ 10.56486, 46.31301 ], [ 10.57957, 46.29883 ], [ 10.56048, 46.28452 ], [ 10.5763, 46.27267 ], [ 10.5849, 46.24481 ], [ 10.56822, 46.23372 ], [ 10.57045, 46.22207 ], [ 10.55081, 46.20681 ], [ 10.54536, 46.19434 ], [ 10.54374, 46.18744 ], [ 10.56539, 46.16684 ], [ 10.54813, 46.14617 ], [ 10.54789, 46.11565 ], [ 10.53574, 46.09773 ], [ 10.48304, 46.05724 ], [ 10.4844, 46.024 ], [ 10.47082, 46.02108 ], [ 10.45829, 46.01043 ], [ 10.453, 45.98889 ], [ 10.45358, 45.97642 ], [ 10.4866, 45.97116 ], [ 10.48469, 45.94536 ], [ 10.49158, 45.934 ], [ 10.50857, 45.92357 ], [ 10.50769, 45.90534 ], [ 10.49594, 45.89974 ], [ 10.49004, 45.88461 ], [ 10.5037, 45.87357 ], [ 10.50283, 45.82973 ], [ 10.50806, 45.8239 ], [ 10.52837, 45.82657 ], [ 10.54363, 45.81765 ], [ 10.53175, 45.8094 ], [ 10.53298, 45.78796 ], [ 10.56427, 45.78456 ], [ 10.61171, 45.80532 ], [ 10.6327, 45.80649 ], [ 10.64166, 45.80208 ], [ 10.65074, 45.81215 ], [ 10.65607, 45.83232 ], [ 10.67707, 45.83094 ], [ 10.69562, 45.83987 ], [ 10.71101, 45.83606 ], [ 10.73555, 45.84272 ], [ 10.75635, 45.83003 ], [ 10.76306, 45.83996 ], [ 10.7772, 45.84303 ], [ 10.79121, 45.83346 ], [ 10.82539, 45.83774 ], [ 10.84015, 45.83276 ], [ 10.83247, 45.81557 ], [ 10.81478, 45.80404 ], [ 10.70561, 45.67641 ], [ 10.62789, 45.60686 ], [ 10.64774, 45.44854 ], [ 10.6443, 45.44489 ], [ 10.62365, 45.44362 ], [ 10.62416, 45.43801 ], [ 10.64028, 45.4435 ], [ 10.64676, 45.44104 ], [ 10.64387, 45.41782 ], [ 10.65463, 45.41582 ], [ 10.66523, 45.42772 ], [ 10.71648, 45.41498 ], [ 10.71763, 45.39669 ], [ 10.69827, 45.379 ], [ 10.71463, 45.36793 ], [ 10.68573, 45.35217 ], [ 10.6869, 45.34265 ], [ 10.71503, 45.33387 ], [ 10.70638, 45.3163 ], [ 10.72196, 45.31883 ], [ 10.73048, 45.31586 ], [ 10.72835, 45.2913 ], [ 10.73742, 45.28724 ], [ 10.78282, 45.31542 ], [ 10.82942, 45.28198 ], [ 10.84661, 45.25657 ], [ 10.89966, 45.24567 ], [ 10.90209, 45.23748 ], [ 10.93638, 45.23288 ], [ 10.93081, 45.22554 ], [ 10.93454, 45.21548 ], [ 10.94596, 45.20774 ], [ 10.96603, 45.20561 ], [ 10.99068, 45.19566 ], [ 10.99678, 45.18738 ], [ 10.99498, 45.15347 ], [ 11.01024, 45.14866 ], [ 11.02837, 45.15924 ], [ 11.03182, 45.15226 ], [ 11.05015, 45.14999 ], [ 11.04229, 45.14395 ], [ 11.04385, 45.13428 ], [ 11.0284, 45.12673 ], [ 11.0442, 45.11148 ], [ 11.07515, 45.0983 ], [ 11.09412, 45.0997 ], [ 11.10214, 45.11314 ], [ 11.10559, 45.1082 ], [ 11.1274, 45.10323 ], [ 11.13768, 45.12333 ], [ 11.14644, 45.12607 ], [ 11.18756, 45.10995 ], [ 11.20343, 45.11167 ], [ 11.17751, 45.09734 ], [ 11.17682, 45.08849 ], [ 11.18837, 45.08408 ], [ 11.17549, 45.07489 ], [ 11.17528, 45.06007 ], [ 11.21219, 45.05748 ], [ 11.24044, 45.04295 ], [ 11.2659, 45.05622 ], [ 11.27046, 45.04451 ], [ 11.26305, 45.03294 ], [ 11.27404, 45.01826 ], [ 11.30874, 45.01236 ], [ 11.33581, 44.9904 ], [ 11.41614, 44.96677 ], [ 11.42623, 44.95983 ], [ 11.42674, 44.95008 ], [ 11.40573, 44.94869 ], [ 11.37672, 44.95808 ], [ 11.35716, 44.95008 ], [ 11.3228, 44.96116 ], [ 11.30866, 44.96046 ], [ 11.28537, 44.95676 ], [ 11.27164, 44.93887 ], [ 11.25028, 44.94953 ], [ 11.20208, 44.93949 ], [ 11.15854, 44.93809 ], [ 11.15244, 44.93324 ], [ 11.11802, 44.95447 ], [ 11.0762, 44.9616 ], [ 11.05793, 44.9497 ], [ 10.99747, 44.95509 ], [ 10.96741, 44.93506 ], [ 10.95436, 44.93337 ], [ 10.94137, 44.92191 ], [ 10.91705, 44.92413 ], [ 10.89031, 44.91244 ], [ 10.88879, 44.91654 ], [ 10.89799, 44.92181 ], [ 10.88022, 44.91774 ], [ 10.86859, 44.92078 ], [ 10.86539, 44.92962 ], [ 10.84769, 44.9257 ], [ 10.84014, 44.93194 ], [ 10.81921, 44.9368 ], [ 10.74457, 44.94893 ], [ 10.74685, 44.96426 ], [ 10.74105, 44.98091 ], [ 10.7274, 44.99203 ], [ 10.71216, 44.98526 ], [ 10.71077, 44.97309 ], [ 10.69474, 44.96194 ], [ 10.68804, 44.9656 ], [ 10.69596, 44.97447 ], [ 10.68668, 44.98659 ], [ 10.63092, 44.93015 ], [ 10.59997, 44.91518 ], [ 10.57419, 44.90939 ], [ 10.51985, 44.91273 ], [ 10.50114, 44.92383 ], [ 10.43567, 44.94314 ], [ 10.41677, 44.97765 ], [ 10.40567, 44.98449 ], [ 10.3898, 44.98233 ], [ 10.35852, 44.96554 ], [ 10.30919, 44.98958 ], [ 10.30469, 44.99904 ], [ 10.27447, 44.99793 ], [ 10.25586, 45.01781 ], [ 10.21107, 45.03403 ], [ 10.1873, 45.02822 ], [ 10.17394, 45.03303 ], [ 10.16875, 45.04319 ], [ 10.15772, 45.04408 ], [ 10.14673, 45.03498 ], [ 10.10619, 45.02213 ], [ 10.0891, 45.02719 ], [ 10.08219, 45.04764 ], [ 10.05022, 45.04128 ], [ 10.05286, 45.05059 ], [ 10.04695, 45.05929 ], [ 10.02967, 45.06681 ], [ 10.02165, 45.07589 ], [ 10.0295, 45.08724 ], [ 10.02853, 45.09623 ], [ 9.98547, 45.13343 ], [ 9.97119, 45.13235 ], [ 9.93581, 45.1044 ], [ 9.91849, 45.0996 ], [ 9.91346, 45.10465 ], [ 9.92707, 45.12599 ], [ 9.92261, 45.13594 ], [ 9.91369, 45.13913 ], [ 9.88103, 45.127 ], [ 9.87542, 45.12171 ], [ 9.87783, 45.11353 ], [ 9.90063, 45.09544 ], [ 9.89677, 45.08054 ], [ 9.88065, 45.07479 ], [ 9.86152, 45.09356 ], [ 9.83836, 45.09565 ], [ 9.83139, 45.08396 ], [ 9.83376, 45.06168 ], [ 9.82325, 45.05274 ], [ 9.81656, 45.05446 ], [ 9.81512, 45.07642 ], [ 9.77952, 45.08921 ], [ 9.75784, 45.11246 ], [ 9.74507, 45.11094 ], [ 9.7531, 45.0866 ], [ 9.74959, 45.07784 ], [ 9.715, 45.05824 ], [ 9.68368, 45.07034 ], [ 9.67434, 45.07836 ], [ 9.63494, 45.08398 ], [ 9.6315, 45.09039 ], [ 9.64092, 45.11662 ], [ 9.62935, 45.13203 ], [ 9.61897, 45.13355 ], [ 9.61196, 45.1115 ], [ 9.58745, 45.09962 ], [ 9.58595, 45.10499 ], [ 9.56858, 45.10734 ], [ 9.5566, 45.12755 ], [ 9.54598, 45.13248 ], [ 9.53583, 45.12145 ], [ 9.55133, 45.09211 ], [ 9.53342, 45.0789 ], [ 9.52548, 45.08014 ], [ 9.49929, 45.10392 ], [ 9.47141, 45.0955 ], [ 9.43907, 45.09195 ], [ 9.4356, 45.08183 ], [ 9.41078, 45.08275 ], [ 9.40636, 45.07322 ], [ 9.37221, 45.05027 ], [ 9.37559, 45.04041 ], [ 9.37029, 45.01167 ], [ 9.36508, 45.00242 ], [ 9.35321, 45.00102 ], [ 9.34398, 44.99292 ], [ 9.32154, 44.94397 ], [ 9.31453, 44.93682 ], [ 9.28503, 44.93177 ], [ 9.29297, 44.92046 ], [ 9.28101, 44.89604 ], [ 9.29283, 44.89032 ], [ 9.28989, 44.88239 ], [ 9.30724, 44.87614 ], [ 9.31684, 44.87772 ], [ 9.34238, 44.86727 ], [ 9.35033, 44.83703 ], [ 9.3631, 44.8224 ], [ 9.35452, 44.81231 ], [ 9.3233, 44.79923 ], [ 9.31787, 44.78621 ], [ 9.28754, 44.77313 ], [ 9.28472, 44.76709 ], [ 9.2882, 44.75744 ], [ 9.33167, 44.73526 ], [ 9.30848, 44.70563 ], [ 9.32615, 44.69381 ], [ 9.32464, 44.69002 ], [ 9.29663, 44.68081 ], [ 9.28549, 44.67988 ], [ 9.28581, 44.68446 ], [ 9.27861, 44.6856 ], [ 9.25948, 44.67995 ], [ 9.23508, 44.71636 ], [ 9.23226, 44.70333 ], [ 9.24213, 44.68746 ], [ 9.22379, 44.68341 ], [ 9.20032, 44.6864 ], [ 9.20723, 44.70553 ], [ 9.20283, 44.72206 ], [ 9.21355, 44.75235 ], [ 9.19416, 44.75684 ], [ 9.17173, 44.77168 ], [ 9.1735, 44.79615 ], [ 9.15512, 44.80941 ], [ 9.15553, 44.81495 ], [ 9.14673, 44.80904 ], [ 9.12612, 44.80619 ], [ 9.1158, 44.8073 ], [ 9.09515, 44.81903 ], [ 9.0799, 44.8142 ], [ 9.07264, 44.81709 ], [ 9.07291, 44.82803 ], [ 9.04969, 44.8501 ], [ 9.07007, 44.86468 ], [ 9.05522, 44.88892 ], [ 9.04217, 44.88447 ], [ 9.00135, 44.90819 ], [ 8.98821, 44.93085 ], [ 8.97061, 44.94324 ], [ 8.97763, 44.96601 ], [ 8.95851, 44.98749 ], [ 8.9445, 44.98714 ], [ 8.93816, 44.98201 ], [ 8.91686, 44.98812 ], [ 8.90127, 45.00776 ], [ 8.90437, 45.02957 ], [ 8.89275, 45.05002 ], [ 8.88572, 45.05061 ], [ 8.87927, 45.05904 ], [ 8.86373, 45.04817 ], [ 8.84888, 45.04968 ], [ 8.82536, 45.04401 ], [ 8.80992, 45.03428 ], [ 8.79621, 45.03581 ], [ 8.80075, 45.02286 ], [ 8.7921, 45.01982 ], [ 8.7777, 45.02373 ], [ 8.77868, 45.01325 ], [ 8.77175, 45.00678 ], [ 8.76173, 45.0121 ], [ 8.74788, 45.00915 ], [ 8.75411, 45.01533 ], [ 8.75054, 45.02073 ], [ 8.72802, 45.02285 ], [ 8.71006, 45.03829 ], [ 8.69504, 45.02323 ], [ 8.67293, 45.02792 ], [ 8.65907, 45.01797 ], [ 8.65196, 45.02369 ], [ 8.65703, 45.02843 ], [ 8.65259, 45.03431 ], [ 8.63474, 45.04096 ], [ 8.64695, 45.05554 ], [ 8.63656, 45.08379 ], [ 8.60867, 45.10761 ], [ 8.61085, 45.12764 ], [ 8.59454, 45.13083 ], [ 8.58067, 45.15226 ], [ 8.55669, 45.1577 ], [ 8.54297, 45.173 ], [ 8.54554, 45.18294 ], [ 8.58121, 45.20221 ], [ 8.57779, 45.20792 ], [ 8.55603, 45.20486 ], [ 8.54648, 45.19486 ], [ 8.52941, 45.19345 ], [ 8.52454, 45.19841 ], [ 8.52542, 45.20199 ], [ 8.53224, 45.19928 ], [ 8.54805, 45.20412 ], [ 8.52324, 45.2216 ], [ 8.52708, 45.22915 ], [ 8.54365, 45.234 ], [ 8.5291, 45.23951 ], [ 8.54873, 45.23796 ], [ 8.55618, 45.2414 ], [ 8.5225, 45.24924 ], [ 8.52277, 45.25463 ], [ 8.53091, 45.25369 ], [ 8.53601, 45.24759 ], [ 8.54338, 45.25328 ], [ 8.53272, 45.26533 ], [ 8.53511, 45.2778 ], [ 8.52241, 45.27914 ], [ 8.52325, 45.27437 ], [ 8.51408, 45.27432 ], [ 8.51742, 45.28663 ], [ 8.49834, 45.29223 ], [ 8.51313, 45.31285 ], [ 8.52161, 45.31228 ], [ 8.53773, 45.3204 ], [ 8.52665, 45.34316 ], [ 8.54202, 45.3478 ], [ 8.55175, 45.36132 ], [ 8.55721, 45.3533 ], [ 8.57785, 45.34777 ], [ 8.62286, 45.35525 ], [ 8.63419, 45.33694 ], [ 8.65571, 45.32568 ], [ 8.66489, 45.29283 ], [ 8.69365, 45.29372 ], [ 8.70899, 45.29917 ], [ 8.71667, 45.30808 ], [ 8.72432, 45.33581 ], [ 8.73509, 45.33341 ], [ 8.76254, 45.34862 ], [ 8.76066, 45.3557 ], [ 8.74749, 45.35629 ], [ 8.72224, 45.37058 ], [ 8.71929, 45.37838 ], [ 8.76089, 45.37648 ], [ 8.76495, 45.38759 ], [ 8.80154, 45.37918 ], [ 8.8119, 45.38327 ], [ 8.81123, 45.38911 ], [ 8.84238, 45.39442 ], [ 8.82192, 45.42676 ], [ 8.82583, 45.43395 ], [ 8.8143, 45.43362 ], [ 8.81007, 45.44598 ], [ 8.78926, 45.46555 ], [ 8.78749, 45.48623 ], [ 8.77349, 45.4847 ], [ 8.76035, 45.49685 ], [ 8.72789, 45.5024 ], [ 8.71439, 45.51788 ], [ 8.71695, 45.53432 ], [ 8.70722, 45.54906 ], [ 8.70553, 45.56915 ], [ 8.69335, 45.57778 ], [ 8.70444, 45.58831 ], [ 8.70315, 45.60006 ], [ 8.69186, 45.6041 ], [ 8.68213, 45.62034 ], [ 8.66309, 45.62203 ], [ 8.65894, 45.63775 ], [ 8.66566, 45.64288 ], [ 8.67865, 45.63363 ], [ 8.68818, 45.63699 ], [ 8.66984, 45.66142 ], [ 8.68198, 45.66945 ], [ 8.6812, 45.6764 ], [ 8.6408, 45.67681 ], [ 8.65343, 45.71397 ], [ 8.64287, 45.72316 ], [ 8.59455, 45.72977 ], [ 8.58291, 45.74867 ], [ 8.55526, 45.77554 ], [ 8.55557, 45.80004 ], [ 8.58794, 45.81893 ], [ 8.5952, 45.83361 ], [ 8.5931, 45.85038 ], [ 8.57051, 45.88951 ], [ 8.57064, 45.90003 ], [ 8.59487, 45.92255 ], [ 8.72643, 46.01797 ], [ 8.72847, 46.03022 ], [ 8.70557, 46.08513 ], [ 8.72464, 46.11017 ], [ 8.74269, 46.12215 ], [ 8.76017, 46.1017 ], [ 8.78342, 46.09394 ], [ 8.80036, 46.0953 ], [ 8.80615, 46.10091 ], [ 8.85205, 46.07552 ], [ 8.85452, 46.06163 ], [ 8.8443, 46.04854 ], [ 8.83443, 46.05135 ], [ 8.81968, 46.02527 ], [ 8.80594, 46.02161 ], [ 8.79307, 46.00796 ], [ 8.78608, 45.98931 ], [ 8.79761, 45.99183 ], [ 8.82945, 45.98805 ], [ 8.87763, 45.95653 ], [ 8.89427, 45.95847 ], [ 8.89872, 45.94516 ], [ 8.89306, 45.93134 ], [ 8.92461, 45.90585 ], [ 8.93934, 45.86806 ], [ 8.91535, 45.8435 ], [ 8.91245, 45.83028 ], [ 8.94954, 45.84348 ], [ 8.97033, 45.83248 ], [ 8.98589, 45.83787 ], [ 8.99537, 45.83434 ], [ 8.99317, 45.82358 ], [ 9.00856, 45.8199 ], [ 9.0327, 45.82372 ], [ 9.03579, 45.84083 ], [ 9.05071, 45.85461 ], [ 9.05432, 45.87229 ], [ 9.06662, 45.87624 ], [ 9.08876, 45.90072 ], [ 9.08006, 45.90043 ], [ 9.06986, 45.91197 ], [ 9.03919, 45.92666 ], [ 9.0194, 45.92858 ], [ 9.01406, 45.96016 ], [ 8.98877, 45.97058 ], [ 9.02829, 45.99366 ], [ 9.02229, 46.01654 ], [ 9.0091, 46.02717 ], [ 9.00888, 46.0362 ], [ 9.02381, 46.05261 ], [ 9.04777, 46.06166 ], [ 9.07787, 46.06532 ], [ 9.07876, 46.07563 ], [ 9.08984, 46.08849 ], [ 9.07163, 46.11952 ], [ 9.11906, 46.13513 ], [ 9.1372, 46.15415 ], [ 9.15439, 46.16156 ], [ 9.15957, 46.17052 ], [ 9.18351, 46.17161 ], [ 9.19353, 46.1799 ], [ 9.20097, 46.20834 ], [ 9.21822, 46.21466 ], [ 9.2213, 46.22987 ], [ 9.24762, 46.23363 ], [ 9.2546, 46.26879 ], [ 9.28454, 46.29695 ], [ 9.28213, 46.30829 ], [ 9.29914, 46.32603 ], [ 9.29169, 46.33661 ], [ 9.2992, 46.34385 ], [ 9.27668, 46.36942 ], [ 9.28185, 46.38729 ], [ 9.27571, 46.39474 ], [ 9.28116, 46.40063 ], [ 9.27881, 46.41424 ], [ 9.2487, 46.43185 ], [ 9.24772, 46.44718 ], [ 9.26561, 46.45148 ], [ 9.27782, 46.4616 ], [ 9.27493, 46.48079 ], [ 9.28193, 46.49642 ], [ 9.31091, 46.50453 ], [ 9.35211, 46.50519 ], [ 9.36304, 46.50936 ], [ 9.37234, 46.50369 ], [ 9.37084, 46.4897 ], [ 9.38984, 46.47382 ], [ 9.41028, 46.46655 ], [ 9.42085, 46.4744 ], [ 9.43283, 46.49678 ], [ 9.45158, 46.50017 ], [ 9.46088, 46.50743 ], [ 9.45926, 46.48493 ], [ 9.44946, 46.48337 ], [ 9.44978, 46.47947 ], [ 9.46153, 46.48021 ], [ 9.46351, 46.4704 ], [ 9.45737, 46.46319 ], [ 9.45371, 46.42224 ], [ 9.46686, 46.39812 ], [ 9.4616, 46.37625 ], [ 9.49604, 46.36404 ], [ 9.52119, 46.32506 ], [ 9.54938, 46.30234 ], [ 9.56141, 46.30451 ], [ 9.57936, 46.29521 ], [ 9.60986, 46.29451 ], [ 9.6334, 46.28631 ], [ 9.67218, 46.30101 ], [ 9.70398, 46.29091 ], [ 9.71374, 46.29273 ], [ 9.72592, 46.3137 ], [ 9.72326, 46.34073 ], [ 9.73728, 46.35066 ], [ 9.74363, 46.35152 ], [ 9.7647, 46.33782 ], [ 9.77748, 46.33496 ], [ 9.8377, 46.36128 ], [ 9.87054, 46.36301 ], [ 9.90636, 46.38088 ], [ 9.92536, 46.36601 ], [ 9.93353, 46.37454 ], [ 9.95294, 46.37937 ], [ 9.95859, 46.37812 ], [ 9.95541, 46.37373 ], [ 9.96588, 46.36282 ], [ 9.99635, 46.35094 ], [ 9.98085, 46.3236 ], [ 9.99703, 46.314 ], [ 10.00086, 46.30272 ], [ 9.99328, 46.29747 ], [ 9.99549, 46.28546 ], [ 10.03634, 46.27423 ], [ 10.05583, 46.26369 ], [ 10.05987, 46.24752 ], [ 10.04537, 46.22919 ], [ 10.07084, 46.21714 ], [ 10.09027, 46.22798 ], [ 10.12401, 46.22422 ], [ 10.14568, 46.23038 ], [ 10.15094, 46.2397 ], [ 10.17654, 46.25827 ], [ 10.14979, 46.29445 ], [ 10.11386, 46.31937 ], [ 10.10617, 46.34085 ], [ 10.11132, 46.35299 ], [ 10.12886, 46.36329 ], [ 10.1286, 46.37836 ], [ 10.14212, 46.38609 ], [ 10.16166, 46.3875 ], [ 10.16565, 46.40697 ], [ 10.16059, 46.41581 ], [ 10.15296, 46.41427 ], [ 10.14305, 46.42769 ], [ 10.13093, 46.43147 ], [ 10.07959, 46.42111 ], [ 10.07977, 46.42424 ], [ 10.0605, 46.42822 ], [ 10.0552, 46.4405 ], [ 10.04052, 46.44413 ], [ 10.05336, 46.46315 ], [ 10.04438, 46.48336 ], [ 10.04681, 46.51058 ], [ 10.05404, 46.52093 ], [ 10.05253, 46.53035 ], [ 10.04365, 46.53785 ], [ 10.08314, 46.56406 ], [ 10.07937, 46.57487 ], [ 10.10109, 46.58278 ], [ 10.10215, 46.61077 ], [ 10.13017, 46.6056 ], [ 10.19063, 46.62609 ], [ 10.2096, 46.62006 ], [ 10.21918, 46.62176 ], [ 10.22296, 46.62829 ], [ 10.23906, 46.63519 ] ], [ [ 9.29282, 44.70589 ], [ 9.29093, 44.70091 ], [ 9.30173, 44.70309 ], [ 9.29282, 44.70589 ] ], [ [ 9.29894, 44.69372 ], [ 9.30412, 44.6937 ], [ 9.30421, 44.69655 ], [ 9.29894, 44.69372 ] ] ] ] } },
{ "type": "Feature", "properties": { "COD_RIP": 2, "COD_REG": 4, "DEN_REG": "Trentino-Alto Adige/Südtirol", "Shape_Leng": 781793.32282500004, "Shape_Area": 13606183958.5 }, "geometry": { "type": "Polygon", "coordinates": [ [ [ 12.18517, 47.09146 ], [ 12.22404, 47.08317 ], [ 12.24029, 47.06861 ], [ 12.21676, 47.05778 ], [ 12.21576, 47.04451 ], [ 12.20487, 47.0272 ], [ 12.16809, 47.0211 ], [ 12.14191, 47.02161 ], [ 12.12163, 47.00754 ], [ 12.12924, 46.98493 ], [ 12.1379, 46.98004 ], [ 12.13151, 46.96295 ], [ 12.15737, 46.95074 ], [ 12.16821, 46.93789 ], [ 12.14451, 46.9141 ], [ 12.1889, 46.9063 ], [ 12.21623, 46.87387 ], [ 12.24064, 46.89036 ], [ 12.27448, 46.88324 ], [ 12.27556, 46.87286 ], [ 12.29036, 46.86171 ], [ 12.29559, 46.84594 ], [ 12.30669, 46.84035 ], [ 12.30481, 46.83285 ], [ 12.28316, 46.81463 ], [ 12.29194, 46.80347 ], [ 12.28055, 46.79138 ], [ 12.28384, 46.7829 ], [ 12.31097, 46.78446 ], [ 12.35741, 46.77466 ], [ 12.38306, 46.71712 ], [ 12.44277, 46.68822 ], [ 12.47454, 46.68662 ], [ 12.4776, 46.67982 ], [ 12.43752, 46.66892 ], [ 12.40397, 46.64302 ], [ 12.37977, 46.64291 ], [ 12.3784, 46.63669 ], [ 12.38993, 46.62739 ], [ 12.38516, 46.62278 ], [ 12.35943, 46.61974 ], [ 12.34143, 46.62995 ], [ 12.31686, 46.62982 ], [ 12.3055, 46.61917 ], [ 12.28607, 46.61791 ], [ 12.2602, 46.62871 ], [ 12.21242, 46.60896 ], [ 12.19224, 46.59456 ], [ 12.19443, 46.61952 ], [ 12.18645, 46.6208 ], [ 12.17133, 46.6341 ], [ 12.14083, 46.63728 ], [ 12.06826, 46.67515 ], [ 12.07137, 46.6416 ], [ 12.06566, 46.62699 ], [ 12.04662, 46.60808 ], [ 12.04669, 46.58472 ], [ 12.03418, 46.57679 ], [ 11.99842, 46.53286 ], [ 11.98756, 46.5453 ], [ 11.96781, 46.54457 ], [ 11.94953, 46.53923 ], [ 11.94549, 46.52942 ], [ 11.93389, 46.5279 ], [ 11.91188, 46.53296 ], [ 11.88803, 46.52284 ], [ 11.84802, 46.51673 ], [ 11.81922, 46.50101 ], [ 11.81039, 46.48487 ], [ 11.81318, 46.47817 ], [ 11.87773, 46.47136 ], [ 11.88683, 46.46474 ], [ 11.88813, 46.44178 ], [ 11.87088, 46.43321 ], [ 11.85029, 46.43416 ], [ 11.83822, 46.41523 ], [ 11.84198, 46.41165 ], [ 11.83233, 46.38759 ], [ 11.83534, 46.36592 ], [ 11.8223, 46.37493 ], [ 11.81347, 46.3676 ], [ 11.79095, 46.36666 ], [ 11.7744, 46.35822 ], [ 11.77984, 46.35104 ], [ 11.79998, 46.34423 ], [ 11.80279, 46.33432 ], [ 11.83189, 46.32266 ], [ 11.83249, 46.3124 ], [ 11.83881, 46.30766 ], [ 11.82626, 46.28497 ], [ 11.83518, 46.27412 ], [ 11.84085, 46.27008 ], [ 11.85359, 46.27088 ], [ 11.88525, 46.27881 ], [ 11.88494, 46.26073 ], [ 11.89123, 46.25316 ], [ 11.92736, 46.24853 ], [ 11.90957, 46.22443 ], [ 11.92424, 46.21717 ], [ 11.93936, 46.19882 ], [ 11.96244, 46.19913 ], [ 11.96236, 46.18841 ], [ 11.95083, 46.17011 ], [ 11.92837, 46.17268 ], [ 11.91949, 46.14855 ], [ 11.89353, 46.12129 ], [ 11.81485, 46.10344 ], [ 11.77716, 46.10318 ], [ 11.75869, 46.0956 ], [ 11.74959, 46.10468 ], [ 11.73864, 46.1048 ], [ 11.71832, 46.10332 ], [ 11.7068, 46.09434 ], [ 11.68529, 46.09357 ], [ 11.68646, 46.067 ], [ 11.70548, 46.04675 ], [ 11.6773, 46.04425 ], [ 11.66618, 46.03621 ], [ 11.67874, 46.02837 ], [ 11.66911, 46.0177 ], [ 11.68872, 45.99018 ], [ 11.68502, 45.96922 ], [ 11.67608, 45.96574 ], [ 11.62761, 45.96064 ], [ 11.63068, 45.96938 ], [ 11.62104, 45.97147 ], [ 11.61458, 45.96739 ], [ 11.60032, 45.97135 ], [ 11.58759, 45.969 ], [ 11.57723, 46.00652 ], [ 11.55233, 46.01167 ], [ 11.49348, 46.00945 ], [ 11.44666, 45.98092 ], [ 11.37374, 45.9835 ], [ 11.38204, 45.94451 ], [ 11.36157, 45.94298 ], [ 11.35724, 45.92864 ], [ 11.34503, 45.92094 ], [ 11.34931, 45.90953 ], [ 11.30519, 45.92691 ], [ 11.30069, 45.9352 ], [ 11.30378, 45.91824 ], [ 11.26134, 45.91575 ], [ 11.25112, 45.89612 ], [ 11.25508, 45.88401 ], [ 11.24774, 45.8858 ], [ 11.23688, 45.88077 ], [ 11.24436, 45.87695 ], [ 11.23957, 45.85703 ], [ 11.22272, 45.84892 ], [ 11.2188, 45.8326 ], [ 11.19835, 45.82367 ], [ 11.18882, 45.81357 ], [ 11.19351, 45.79385 ], [ 11.20317, 45.78348 ], [ 11.19007, 45.78162 ], [ 11.17355, 45.78667 ], [ 11.17981, 45.77255 ], [ 11.17874, 45.73766 ], [ 11.13921, 45.70983 ], [ 11.13737, 45.69622 ], [ 11.12289, 45.68982 ], [ 11.12139, 45.69555 ], [ 11.09003, 45.69613 ], [ 11.05579, 45.71824 ], [ 11.04138, 45.70632 ], [ 11.0272, 45.70469 ], [ 11.01677, 45.70591 ], [ 11.0117, 45.71642 ], [ 10.99611, 45.70798 ], [ 10.99763, 45.69703 ], [ 10.97875, 45.68554 ], [ 10.96837, 45.68063 ], [ 10.9722, 45.70182 ], [ 10.96475, 45.68839 ], [ 10.95123, 45.68452 ], [ 10.94504, 45.6754 ], [ 10.93536, 45.67455 ], [ 10.912, 45.68831 ], [ 10.926, 45.69917 ], [ 10.88438, 45.71662 ], [ 10.84383, 45.71859 ], [ 10.85503, 45.74185 ], [ 10.86263, 45.74366 ], [ 10.86681, 45.76399 ], [ 10.88498, 45.77465 ], [ 10.87272, 45.78838 ], [ 10.87701, 45.80347 ], [ 10.88759, 45.81165 ], [ 10.88159, 45.81758 ], [ 10.82586, 45.83769 ], [ 10.79121, 45.83346 ], [ 10.77263, 45.84291 ], [ 10.76306, 45.83996 ], [ 10.75635, 45.83003 ], [ 10.73555, 45.84272 ], [ 10.71101, 45.83606 ], [ 10.69562, 45.83987 ], [ 10.67707, 45.83094 ], [ 10.65607, 45.83232 ], [ 10.65074, 45.81215 ], [ 10.64166, 45.80208 ], [ 10.6327, 45.80649 ], [ 10.61171, 45.80532 ], [ 10.56427, 45.78456 ], [ 10.53298, 45.78796 ], [ 10.53175, 45.8094 ], [ 10.54363, 45.81765 ], [ 10.52837, 45.82657 ], [ 10.50806, 45.8239 ], [ 10.50283, 45.82973 ], [ 10.5037, 45.87357 ], [ 10.49004, 45.88461 ], [ 10.49594, 45.89974 ], [ 10.50769, 45.90534 ], [ 10.50857, 45.92357 ], [ 10.49158, 45.934 ], [ 10.48469, 45.94536 ], [ 10.4866, 45.97116 ], [ 10.45358, 45.97642 ], [ 10.453, 45.98889 ], [ 10.45829, 46.01043 ], [ 10.47082, 46.02108 ], [ 10.4844, 46.024 ], [ 10.48304, 46.05724 ], [ 10.53574, 46.09773 ], [ 10.54789, 46.11565 ], [ 10.54813, 46.14617 ], [ 10.56539, 46.16684 ], [ 10.54374, 46.18744 ], [ 10.54536, 46.19434 ], [ 10.55081, 46.20681 ], [ 10.57045, 46.22207 ], [ 10.56822, 46.23372 ], [ 10.5849, 46.24481 ], [ 10.5763, 46.27267 ], [ 10.56048, 46.28452 ], [ 10.57888, 46.30195 ], [ 10.56486, 46.31301 ], [ 10.56303, 46.3273 ], [ 10.51591, 46.34348 ], [ 10.51924, 46.35531 ], [ 10.54102, 46.35523 ], [ 10.54198, 46.3609 ], [ 10.56704, 46.37793 ], [ 10.60599, 46.37923 ], [ 10.63098, 46.40229 ], [ 10.61795, 46.4174 ], [ 10.62183, 46.44796 ], [ 10.59984, 46.46882 ], [ 10.57613, 46.47427 ], [ 10.54288, 46.49213 ], [ 10.497, 46.49736 ], [ 10.47779, 46.49522 ], [ 10.45794, 46.51059 ], [ 10.45318, 46.53205 ], [ 10.4621, 46.54119 ], [ 10.47252, 46.54374 ], [ 10.49152, 46.6152 ], [ 10.44627, 46.64096 ], [ 10.40264, 46.6365 ], [ 10.39308, 46.65498 ], [ 10.38762, 46.68744 ], [ 10.41505, 46.70835 ], [ 10.41765, 46.71599 ], [ 10.40197, 46.73437 ], [ 10.44211, 46.75286 ], [ 10.44205, 46.76987 ], [ 10.42509, 46.78886 ], [ 10.42946, 46.79575 ], [ 10.44691, 46.80086 ], [ 10.45282, 46.80797 ], [ 10.46968, 46.85456 ], [ 10.47987, 46.85876 ], [ 10.4956, 46.84877 ], [ 10.51721, 46.84648 ], [ 10.55263, 46.84978 ], [ 10.55365, 46.83962 ], [ 10.57051, 46.84245 ], [ 10.60057, 46.85779 ], [ 10.65583, 46.86847 ], [ 10.66736, 46.87568 ], [ 10.69694, 46.86268 ], [ 10.69455, 46.85216 ], [ 10.72597, 46.83745 ], [ 10.75628, 46.83136 ], [ 10.76336, 46.82327 ], [ 10.74581, 46.80515 ], [ 10.72625, 46.7965 ], [ 10.73049, 46.78791 ], [ 10.75944, 46.78575 ], [ 10.78636, 46.79638 ], [ 10.81594, 46.77531 ], [ 10.82572, 46.77387 ], [ 10.8403, 46.78165 ], [ 10.8832, 46.76311 ], [ 10.91802, 46.77477 ], [ 10.9531, 46.77469 ], [ 10.99363, 46.76711 ], [ 11.0248, 46.77022 ], [ 11.04191, 46.80339 ], [ 11.08345, 46.82222 ], [ 11.07249, 46.84962 ], [ 11.10034, 46.89011 ], [ 11.09588, 46.91193 ], [ 11.10781, 46.91597 ], [ 11.10998, 46.92495 ], [ 11.11998, 46.93049 ], [ 11.14061, 46.92833 ], [ 11.16519, 46.94071 ], [ 11.1653, 46.96535 ], [ 11.17613, 46.96253 ], [ 11.19038, 46.96999 ], [ 11.2045, 46.9654 ], [ 11.24044, 46.96979 ], [ 11.25853, 46.97757 ], [ 11.31143, 46.98709 ], [ 11.31931, 46.99243 ], [ 11.33522, 46.98659 ], [ 11.35829, 46.99036 ], [ 11.38424, 46.97036 ], [ 11.40584, 46.96519 ], [ 11.43666, 46.97437 ], [ 11.4529, 46.99211 ], [ 11.46711, 46.99437 ], [ 11.47932, 47.01091 ], [ 11.49874, 47.00956 ], [ 11.53361, 46.98815 ], [ 11.54423, 46.98676 ], [ 11.57526, 46.99486 ], [ 11.58885, 47.00465 ], [ 11.62436, 47.01217 ], [ 11.66334, 46.993 ], [ 11.7106, 46.99299 ], [ 11.72956, 46.97199 ], [ 11.74717, 46.9689 ], [ 11.76557, 46.97411 ], [ 11.78131, 46.9915 ], [ 11.83145, 46.9924 ], [ 11.91513, 47.03145 ], [ 11.93279, 47.03777 ], [ 11.94444, 47.03503 ], [ 11.97828, 47.04975 ], [ 12.02006, 47.04676 ], [ 12.04255, 47.06098 ], [ 12.07468, 47.05926 ], [ 12.09713, 47.07753 ], [ 12.12011, 47.07378 ], [ 12.13554, 47.0797 ], [ 12.16101, 47.08159 ], [ 12.18517, 47.09146 ] ] ] } },
{ "type": "Feature", "properties": { "COD_RIP": 2, "COD_REG": 5, "DEN_REG": "Veneto", "Shape_Leng": 1033481.3561100001, "Shape_Area": 18353814762.599998 }, "geometry": { "type": "Polygon", "coordinates": [ [ [ 12.51368, 46.67811 ], [ 12.56458, 46.65111 ], [ 12.61901, 46.66111 ], [ 12.63162, 46.6604 ], [ 12.6341, 46.65433 ], [ 12.64246, 46.65193 ], [ 12.659, 46.65649 ], [ 12.68603, 46.65604 ], [ 12.7167, 46.64757 ], [ 12.73198, 46.63381 ], [ 12.70624, 46.62078 ], [ 12.70784, 46.60203 ], [ 12.68753, 46.59986 ], [ 12.65696, 46.57279 ], [ 12.64362, 46.57581 ], [ 12.63687, 46.57203 ], [ 12.6202, 46.54377 ], [ 12.63074, 46.50262 ], [ 12.65317, 46.48481 ], [ 12.66236, 46.46797 ], [ 12.65486, 46.46546 ], [ 12.64235, 46.47233 ], [ 12.62075, 46.47537 ], [ 12.60188, 46.46619 ], [ 12.5682, 46.47572 ], [ 12.54169, 46.45844 ], [ 12.53084, 46.46493 ], [ 12.5248, 46.44857 ], [ 12.49926, 46.43426 ], [ 12.49397, 46.41141 ], [ 12.4691, 46.39004 ], [ 12.45505, 46.39167 ], [ 12.46294, 46.36926 ], [ 12.42867, 46.35159 ], [ 12.41856, 46.35345 ], [ 12.42122, 46.34258 ], [ 12.40953, 46.33063 ], [ 12.37425, 46.32888 ], [ 12.35466, 46.31968 ], [ 12.35144, 46.2938 ], [ 12.32905, 46.28279 ], [ 12.32275, 46.27312 ], [ 12.324, 46.25615 ], [ 12.35553, 46.23116 ], [ 12.37228, 46.22402 ], [ 12.40168, 46.229 ], [ 12.40871, 46.22234 ], [ 12.40027, 46.21126 ], [ 12.40627, 46.20727 ], [ 12.44645, 46.20777 ], [ 12.44698, 46.18034 ], [ 12.49539, 46.1505 ], [ 12.49879, 46.137 ], [ 12.48527, 46.10652 ], [ 12.47237, 46.09602 ], [ 12.43565, 46.08312 ], [ 12.39993, 46.04183 ], [ 12.41528, 46.02686 ], [ 12.42683, 45.99639 ], [ 12.42584, 45.94735 ], [ 12.45583, 45.94446 ], [ 12.46298, 45.94183 ], [ 12.46687, 45.932 ], [ 12.506, 45.92271 ], [ 12.50975, 45.90944 ], [ 12.52336, 45.90348 ], [ 12.50829, 45.89698 ], [ 12.53257, 45.88027 ], [ 12.5355, 45.86927 ], [ 12.52986, 45.86361 ], [ 12.54989, 45.86052 ], [ 12.5593, 45.82592 ], [ 12.56845, 45.82811 ], [ 12.59385, 45.81518 ], [ 12.59444, 45.83077 ], [ 12.60568, 45.83825 ], [ 12.63761, 45.81805 ], [ 12.64727, 45.82 ], [ 12.65215, 45.80011 ], [ 12.66904, 45.79089 ], [ 12.72997, 45.83726 ], [ 12.74286, 45.82662 ], [ 12.77983, 45.85444 ], [ 12.80331, 45.84497 ], [ 12.79994, 45.82573 ], [ 12.80858, 45.82018 ], [ 12.81882, 45.82501 ], [ 12.8189, 45.83373 ], [ 12.83762, 45.84131 ], [ 12.83689, 45.84498 ], [ 12.87498, 45.85034 ], [ 12.87692, 45.84278 ], [ 12.86967, 45.83376 ], [ 12.87696, 45.82785 ], [ 12.89325, 45.81969 ], [ 12.90299, 45.82769 ], [ 12.91284, 45.82647 ], [ 12.9202, 45.83092 ], [ 12.9295, 45.81735 ], [ 12.95855, 45.8225 ], [ 12.95098, 45.82921 ], [ 12.95136, 45.84147 ], [ 12.96143, 45.84687 ], [ 12.97334, 45.836 ], [ 12.97419, 45.82336 ], [ 12.99324, 45.81501 ], [ 12.98838, 45.80874 ], [ 12.98349, 45.81489 ], [ 12.97788, 45.81372 ], [ 12.97471, 45.80805 ], [ 12.98077, 45.79748 ], [ 12.98957, 45.80148 ], [ 12.99172, 45.79782 ], [ 12.97714, 45.788 ], [ 13.00606, 45.76591 ], [ 13.00119, 45.74929 ], [ 13.01532, 45.74201 ], [ 13.01606, 45.73592 ], [ 13.00797, 45.73104 ], [ 13.00831, 45.72489 ], [ 13.01504, 45.72446 ], [ 13.01643, 45.73061 ], [ 13.02921, 45.73617 ], [ 13.03016, 45.72526 ], [ 13.03852, 45.71724 ], [ 13.03684, 45.69938 ], [ 13.04497, 45.69383 ], [ 13.04976, 45.69702 ], [ 13.05325, 45.69452 ], [ 13.0436, 45.68548 ], [ 13.056, 45.67768 ], [ 13.06249, 45.67917 ], [ 13.06677, 45.67234 ], [ 13.06337, 45.65677 ], [ 13.08313, 45.65805 ], [ 13.08336, 45.65031 ], [ 13.10111, 45.64321 ], [ 13.10161, 45.63876 ], [ 13.06497, 45.63112 ], [ 12.97615, 45.62489 ], [ 12.91705, 45.61163 ], [ 12.91265, 45.61416 ], [ 12.88655, 45.5973 ], [ 12.7298, 45.52926 ], [ 12.58152, 45.47851 ], [ 12.46754, 45.44477 ], [ 12.42799, 45.41851 ], [ 12.40196, 45.42867 ], [ 12.36071, 45.39602 ], [ 12.33093, 45.35101 ], [ 12.33039, 45.33717 ], [ 12.34276, 45.33378 ], [ 12.33024, 45.33128 ], [ 12.33296, 45.32701 ], [ 12.32477, 45.32877 ], [ 12.32002, 45.32044 ], [ 12.29801, 45.2456 ], [ 12.30056, 45.23694 ], [ 12.31493, 45.2337 ], [ 12.31371, 45.22852 ], [ 12.30458, 45.22923 ], [ 12.30046, 45.21945 ], [ 12.30602, 45.19532 ], [ 12.33325, 45.16332 ], [ 12.32676, 45.13676 ], [ 12.33695, 45.09829 ], [ 12.3339, 45.08902 ], [ 12.3449, 45.08919 ], [ 12.35655, 45.07547 ], [ 12.45014, 45.0106 ], [ 12.48494, 44.99306 ], [ 12.49556, 44.99629 ], [ 12.50654, 44.98963 ], [ 12.50569, 44.99674 ], [ 12.55526, 44.96575 ], [ 12.55525, 44.96038 ], [ 12.54086, 44.95474 ], [ 12.50993, 44.92661 ], [ 12.46607, 44.8437 ], [ 12.42436, 44.82718 ], [ 12.41545, 44.82004 ], [ 12.42237, 44.81106 ], [ 12.3998, 44.79288 ], [ 12.35519, 44.81508 ], [ 12.34053, 44.85007 ], [ 12.30193, 44.85574 ], [ 12.29411, 44.86036 ], [ 12.286, 44.87237 ], [ 12.28187, 44.91002 ], [ 12.29474, 44.92741 ], [ 12.28185, 44.94126 ], [ 12.27216, 44.94326 ], [ 12.24672, 44.93562 ], [ 12.22497, 44.92298 ], [ 12.18767, 44.92643 ], [ 12.17068, 44.94205 ], [ 12.14443, 44.92829 ], [ 12.12758, 44.9355 ], [ 12.11493, 44.9591 ], [ 12.09156, 44.97021 ], [ 12.06106, 44.96958 ], [ 12.04311, 44.9767 ], [ 12.01545, 44.97656 ], [ 11.96268, 44.98683 ], [ 11.92458, 44.97468 ], [ 11.88978, 44.97697 ], [ 11.83793, 44.97278 ], [ 11.80472, 44.97696 ], [ 11.78383, 44.96419 ], [ 11.74563, 44.95733 ], [ 11.7399, 44.94859 ], [ 11.74485, 44.93497 ], [ 11.73407, 44.92714 ], [ 11.71553, 44.92634 ], [ 11.67128, 44.91476 ], [ 11.61959, 44.88806 ], [ 11.59354, 44.89089 ], [ 11.58333, 44.9142 ], [ 11.56006, 44.92051 ], [ 11.53198, 44.93683 ], [ 11.4696, 44.93637 ], [ 11.42749, 44.92956 ], [ 11.42759, 44.95653 ], [ 11.42191, 44.96383 ], [ 11.33581, 44.9904 ], [ 11.30874, 45.01236 ], [ 11.27404, 45.01826 ], [ 11.26305, 45.03294 ], [ 11.27046, 45.04451 ], [ 11.2659, 45.05622 ], [ 11.24044, 45.04295 ], [ 11.21219, 45.05748 ], [ 11.17528, 45.06007 ], [ 11.17549, 45.07489 ], [ 11.18837, 45.08408 ], [ 11.17682, 45.08849 ], [ 11.17751, 45.09734 ], [ 11.20343, 45.11167 ], [ 11.18756, 45.10995 ], [ 11.14644, 45.12607 ], [ 11.13768, 45.12333 ], [ 11.1274, 45.10323 ], [ 11.10559, 45.1082 ], [ 11.10214, 45.11314 ], [ 11.09412, 45.0997 ], [ 11.07194, 45.09928 ], [ 11.0287, 45.12305 ], [ 11.02893, 45.12787 ], [ 11.04385, 45.13428 ], [ 11.04229, 45.14395 ], [ 11.04946, 45.15069 ], [ 11.03182, 45.15226 ], [ 11.02837, 45.15924 ], [ 11.01024, 45.14866 ], [ 10.99498, 45.15347 ], [ 10.99678, 45.18738 ], [ 10.99068, 45.19566 ], [ 10.96603, 45.20561 ], [ 10.94596, 45.20774 ], [ 10.93454, 45.21548 ], [ 10.93081, 45.22554 ], [ 10.93638, 45.23288 ], [ 10.90209, 45.23748 ], [ 10.89966, 45.24567 ], [ 10.84661, 45.25657 ], [ 10.82942, 45.28198 ], [ 10.78282, 45.31542 ], [ 10.73742, 45.28724 ], [ 10.72835, 45.2913 ], [ 10.73115, 45.31519 ], [ 10.72196, 45.31883 ], [ 10.70638, 45.3163 ], [ 10.71503, 45.33387 ], [ 10.6869, 45.34265 ], [ 10.68573, 45.35217 ], [ 10.71463, 45.36793 ], [ 10.69827, 45.379 ], [ 10.71801, 45.39749 ], [ 10.71579, 45.41664 ], [ 10.66523, 45.42772 ], [ 10.65463, 45.41582 ], [ 10.64387, 45.41782 ], [ 10.64676, 45.44104 ], [ 10.64211, 45.4437 ], [ 10.62334, 45.44019 ], [ 10.62365, 45.44362 ], [ 10.6443, 45.44489 ], [ 10.64774, 45.44854 ], [ 10.62789, 45.60686 ], [ 10.70561, 45.67641 ], [ 10.81478, 45.80404 ], [ 10.83247, 45.81557 ], [ 10.84015, 45.83276 ], [ 10.88159, 45.81758 ], [ 10.88759, 45.81165 ], [ 10.87701, 45.80347 ], [ 10.87272, 45.78838 ], [ 10.88498, 45.77465 ], [ 10.86681, 45.76399 ], [ 10.86263, 45.74366 ], [ 10.85503, 45.74185 ], [ 10.84383, 45.71859 ], [ 10.88438, 45.71662 ], [ 10.926, 45.69917 ], [ 10.912, 45.68831 ], [ 10.93536, 45.67455 ], [ 10.94504, 45.6754 ], [ 10.95123, 45.68452 ], [ 10.96475, 45.68839 ], [ 10.9722, 45.70182 ], [ 10.96837, 45.68063 ], [ 10.97875, 45.68554 ], [ 10.99763, 45.69703 ], [ 10.99611, 45.70798 ], [ 11.0117, 45.71642 ], [ 11.01677, 45.70591 ], [ 11.0272, 45.70469 ], [ 11.04138, 45.70632 ], [ 11.05579, 45.71824 ], [ 11.09003, 45.69613 ], [ 11.12139, 45.69555 ], [ 11.12289, 45.68982 ], [ 11.13737, 45.69622 ], [ 11.13921, 45.70983 ], [ 11.17874, 45.73766 ], [ 11.17981, 45.77255 ], [ 11.17355, 45.78667 ], [ 11.19007, 45.78162 ], [ 11.20317, 45.78348 ], [ 11.19351, 45.79385 ], [ 11.18882, 45.81357 ], [ 11.19835, 45.82367 ], [ 11.2188, 45.8326 ], [ 11.22272, 45.84892 ], [ 11.23957, 45.85703 ], [ 11.24436, 45.87695 ], [ 11.23688, 45.88077 ], [ 11.24774, 45.8858 ], [ 11.25508, 45.88401 ], [ 11.25112, 45.89612 ], [ 11.26134, 45.91575 ], [ 11.30378, 45.91824 ], [ 11.30069, 45.9352 ], [ 11.30519, 45.92691 ], [ 11.34931, 45.90953 ], [ 11.34503, 45.92094 ], [ 11.35724, 45.92864 ], [ 11.36157, 45.94298 ], [ 11.38204, 45.94451 ], [ 11.37374, 45.9835 ], [ 11.44666, 45.98092 ], [ 11.49348, 46.00945 ], [ 11.55233, 46.01167 ], [ 11.57723, 46.00652 ], [ 11.58759, 45.969 ], [ 11.60032, 45.97135 ], [ 11.61458, 45.96739 ], [ 11.62104, 45.97147 ], [ 11.63068, 45.96938 ], [ 11.62761, 45.96064 ], [ 11.68502, 45.96922 ], [ 11.68872, 45.99018 ], [ 11.66911, 46.0177 ], [ 11.67874, 46.02837 ], [ 11.66618, 46.03621 ], [ 11.6773, 46.04425 ], [ 11.70548, 46.04675 ], [ 11.68646, 46.067 ], [ 11.68529, 46.09357 ], [ 11.7068, 46.09434 ], [ 11.71832, 46.10332 ], [ 11.73864, 46.1048 ], [ 11.74959, 46.10468 ], [ 11.75869, 46.0956 ], [ 11.77716, 46.10318 ], [ 11.81485, 46.10344 ], [ 11.83729, 46.1112 ], [ 11.88455, 46.11726 ], [ 11.91949, 46.14855 ], [ 11.92837, 46.17268 ], [ 11.95083, 46.17011 ], [ 11.96236, 46.18841 ], [ 11.96244, 46.19913 ], [ 11.93936, 46.19882 ], [ 11.92424, 46.21717 ], [ 11.90957, 46.22443 ], [ 11.92736, 46.24853 ], [ 11.89123, 46.25316 ], [ 11.88494, 46.26073 ], [ 11.88525, 46.27881 ], [ 11.85359, 46.27088 ], [ 11.84085, 46.27008 ], [ 11.83518, 46.27412 ], [ 11.82626, 46.28497 ], [ 11.83881, 46.30766 ], [ 11.83249, 46.3124 ], [ 11.83189, 46.32266 ], [ 11.80279, 46.33432 ], [ 11.79998, 46.34423 ], [ 11.77984, 46.35104 ], [ 11.7744, 46.35822 ], [ 11.79095, 46.36666 ], [ 11.81347, 46.3676 ], [ 11.8223, 46.37493 ], [ 11.83534, 46.36592 ], [ 11.83233, 46.38759 ], [ 11.84198, 46.41165 ], [ 11.83822, 46.41523 ], [ 11.85029, 46.43416 ], [ 11.87088, 46.43321 ], [ 11.88813, 46.44178 ], [ 11.88683, 46.46474 ], [ 11.87773, 46.47136 ], [ 11.81318, 46.47817 ], [ 11.81435, 46.49414 ], [ 11.82575, 46.50664 ], [ 11.85135, 46.51784 ], [ 11.88803, 46.52284 ], [ 11.91188, 46.53296 ], [ 11.93389, 46.5279 ], [ 11.94549, 46.52942 ], [ 11.94953, 46.53923 ], [ 11.96781, 46.54457 ], [ 11.98756, 46.5453 ], [ 11.99842, 46.53286 ], [ 12.03418, 46.57679 ], [ 12.04669, 46.58472 ], [ 12.04662, 46.60808 ], [ 12.06566, 46.62699 ], [ 12.07137, 46.6416 ], [ 12.06826, 46.67515 ], [ 12.14083, 46.63728 ], [ 12.17133, 46.6341 ], [ 12.18645, 46.6208 ], [ 12.19443, 46.61952 ], [ 12.19224, 46.59456 ], [ 12.21242, 46.60896 ], [ 12.2602, 46.62871 ], [ 12.28607, 46.61791 ], [ 12.3055, 46.61917 ], [ 12.31686, 46.62982 ], [ 12.34143, 46.62995 ], [ 12.35943, 46.61974 ], [ 12.38516, 46.62278 ], [ 12.38993, 46.62739 ], [ 12.3784, 46.63669 ], [ 12.37977, 46.64291 ], [ 12.40675, 46.64418 ], [ 12.43752, 46.66892 ], [ 12.4776, 46.67982 ], [ 12.4825, 46.67688 ], [ 12.51368, 46.67811 ] ] ] } },
{ "type": "Feature", "properties": { "COD_RIP": 2, "COD_REG": 6, "DEN_REG": "Friuli-Venezia Giulia", "Shape_Leng": 639329.88744600001, "Shape_Area": 7932881151.1000004 }, "geometry": { "type": "MultiPolygon", "coordinates": [ [ [ [ 13.75697, 45.66414 ], [ 13.76203, 45.65657 ], [ 13.76197, 45.65622 ], [ 13.75697, 45.66414 ] ] ], [ [ [ 12.75648, 46.64722 ], [ 12.79162, 46.64301 ], [ 12.80941, 46.63124 ], [ 12.83732, 46.62743 ], [ 12.83365, 46.61065 ], [ 12.84704, 46.6058 ], [ 12.9222, 46.60909 ], [ 12.98769, 46.59943 ], [ 13.02333, 46.60137 ], [ 13.04454, 46.59576 ], [ 13.0941, 46.5989 ], [ 13.16367, 46.5886 ], [ 13.19204, 46.57326 ], [ 13.21482, 46.57014 ], [ 13.23864, 46.55272 ], [ 13.24803, 46.55847 ], [ 13.26656, 46.56008 ], [ 13.30074, 46.55859 ], [ 13.32054, 46.55209 ], [ 13.34625, 46.56876 ], [ 13.36733, 46.56913 ], [ 13.37275, 46.57936 ], [ 13.40584, 46.57212 ], [ 13.40794, 46.56162 ], [ 13.42543, 46.55791 ], [ 13.47561, 46.55841 ], [ 13.5041, 46.56608 ], [ 13.51817, 46.5473 ], [ 13.54836, 46.55325 ], [ 13.56406, 46.55052 ], [ 13.5699, 46.53888 ], [ 13.59705, 46.54576 ], [ 13.62707, 46.54152 ], [ 13.67467, 46.52331 ], [ 13.71483, 46.52015 ], [ 13.7163, 46.50832 ], [ 13.70273, 46.49943 ], [ 13.70767, 46.48282 ], [ 13.6946, 46.46819 ], [ 13.69737, 46.45429 ], [ 13.68877, 46.43987 ], [ 13.6834, 46.43753 ], [ 13.64838, 46.44606 ], [ 13.59863, 46.43904 ], [ 13.57991, 46.42752 ], [ 13.5768, 46.4089 ], [ 13.56408, 46.39883 ], [ 13.52573, 46.38688 ], [ 13.51209, 46.37643 ], [ 13.47684, 46.36412 ], [ 13.43899, 46.36021 ], [ 13.44726, 46.33039 ], [ 13.41814, 46.31817 ], [ 13.4028, 46.3 ], [ 13.37555, 46.29822 ], [ 13.39155, 46.27976 ], [ 13.4061, 46.24344 ], [ 13.42245, 46.23434 ], [ 13.41171, 46.21756 ], [ 13.41258, 46.21179 ], [ 13.42318, 46.20736 ], [ 13.4463, 46.21284 ], [ 13.44828, 46.22523 ], [ 13.48439, 46.22455 ], [ 13.503, 46.21568 ], [ 13.52963, 46.21811 ], [ 13.552, 46.20917 ], [ 13.56124, 46.20434 ], [ 13.56695, 46.18567 ], [ 13.59085, 46.18995 ], [ 13.61453, 46.18441 ], [ 13.63512, 46.18983 ], [ 13.6632, 46.18012 ], [ 13.66382, 46.1698 ], [ 13.64311, 46.13685 ], [ 13.57209, 46.08862 ], [ 13.54692, 46.08322 ], [ 13.52995, 46.0677 ], [ 13.4983, 46.05919 ], [ 13.49665, 46.04919 ], [ 13.51002, 46.04625 ], [ 13.50666, 46.03225 ], [ 13.49705, 46.01771 ], [ 13.47619, 46.00625 ], [ 13.50042, 45.98151 ], [ 13.51593, 45.9778 ], [ 13.52781, 45.96706 ], [ 13.54098, 45.96487 ], [ 13.56871, 45.96917 ], [ 13.58991, 45.98967 ], [ 13.6204, 45.98377 ], [ 13.6334, 45.98948 ], [ 13.64201, 45.98362 ], [ 13.63457, 45.95393 ], [ 13.63627, 45.93404 ], [ 13.60835, 45.89904 ], [ 13.59042, 45.88785 ], [ 13.59222, 45.87827 ], [ 13.57727, 45.85788 ], [ 13.57446, 45.84308 ], [ 13.58932, 45.83134 ], [ 13.59537, 45.80822 ], [ 13.60331, 45.80425 ], [ 13.62329, 45.79825 ], [ 13.67053, 45.79816 ], [ 13.73589, 45.75965 ], [ 13.7963, 45.7427 ], [ 13.81127, 45.72283 ], [ 13.83371, 45.70724 ], [ 13.83373, 45.68719 ], [ 13.86763, 45.65919 ], [ 13.91885, 45.63357 ], [ 13.87412, 45.61043 ], [ 13.84938, 45.58478 ], [ 13.78972, 45.58262 ], [ 13.74596, 45.5978 ], [ 13.72306, 45.59478 ], [ 13.72011, 45.60584 ], [ 13.73112, 45.60875 ], [ 13.75683, 45.60807 ], [ 13.78343, 45.59873 ], [ 13.8076, 45.61258 ], [ 13.7839, 45.61303 ], [ 13.77379, 45.6238 ], [ 13.77674, 45.63395 ], [ 13.76664, 45.63694 ], [ 13.76598, 45.6305 ], [ 13.75685, 45.62789 ], [ 13.75606, 45.63633 ], [ 13.74731, 45.63947 ], [ 13.75466, 45.64998 ], [ 13.75998, 45.64668 ], [ 13.76926, 45.65296 ], [ 13.75341, 45.68048 ], [ 13.73359, 45.69611 ], [ 13.71196, 45.70531 ], [ 13.71177, 45.71051 ], [ 13.63101, 45.76807 ], [ 13.59896, 45.77281 ], [ 13.58129, 45.78052 ], [ 13.57272, 45.77621 ], [ 13.56191, 45.77842 ], [ 13.54176, 45.80039 ], [ 13.53345, 45.80473 ], [ 13.54462, 45.79328 ], [ 13.53003, 45.78811 ], [ 13.53721, 45.78321 ], [ 13.54574, 45.78686 ], [ 13.54788, 45.78285 ], [ 13.54088, 45.78244 ], [ 13.52516, 45.76971 ], [ 13.51719, 45.74359 ], [ 13.5265, 45.73664 ], [ 13.55362, 45.72935 ], [ 13.55319, 45.72456 ], [ 13.53056, 45.72335 ], [ 13.48684, 45.70463 ], [ 13.46491, 45.70709 ], [ 13.46791, 45.70274 ], [ 13.45916, 45.69319 ], [ 13.43332, 45.67874 ], [ 13.38573, 45.67478 ], [ 13.36773, 45.68284 ], [ 13.34838, 45.6794 ], [ 13.29064, 45.70449 ], [ 13.2572, 45.70768 ], [ 13.24757, 45.71655 ], [ 13.24452, 45.71325 ], [ 13.18579, 45.71115 ], [ 13.17096, 45.70308 ], [ 13.15227, 45.7005 ], [ 13.14722, 45.68855 ], [ 13.11, 45.66366 ], [ 13.10079, 45.64339 ], [ 13.08336, 45.65031 ], [ 13.08114, 45.65882 ], [ 13.06337, 45.65677 ], [ 13.06677, 45.67234 ], [ 13.06249, 45.67917 ], [ 13.056, 45.67768 ], [ 13.0436, 45.68548 ], [ 13.05325, 45.69452 ], [ 13.04976, 45.69702 ], [ 13.04497, 45.69383 ], [ 13.03684, 45.69938 ], [ 13.03852, 45.71724 ], [ 13.03016, 45.72526 ], [ 13.02921, 45.73617 ], [ 13.01643, 45.73061 ], [ 13.01504, 45.72446 ], [ 13.00831, 45.72489 ], [ 13.00797, 45.73104 ], [ 13.01606, 45.73592 ], [ 13.01532, 45.74201 ], [ 13.00119, 45.74929 ], [ 13.00606, 45.76591 ], [ 12.97714, 45.788 ], [ 12.99172, 45.79782 ], [ 12.98957, 45.80148 ], [ 12.98077, 45.79748 ], [ 12.97471, 45.80805 ], [ 12.97788, 45.81372 ], [ 12.98349, 45.81489 ], [ 12.98838, 45.80874 ], [ 12.99324, 45.81501 ], [ 12.97419, 45.82336 ], [ 12.97334, 45.836 ], [ 12.96143, 45.84687 ], [ 12.95136, 45.84147 ], [ 12.95098, 45.82921 ], [ 12.95855, 45.8225 ], [ 12.9295, 45.81735 ], [ 12.9202, 45.83092 ], [ 12.91284, 45.82647 ], [ 12.90299, 45.82769 ], [ 12.89325, 45.81969 ], [ 12.87696, 45.82785 ], [ 12.86967, 45.83376 ], [ 12.87692, 45.84278 ], [ 12.87498, 45.85034 ], [ 12.83689, 45.84498 ], [ 12.83762, 45.84131 ], [ 12.8189, 45.83373 ], [ 12.81882, 45.82501 ], [ 12.80858, 45.82018 ], [ 12.79994, 45.82573 ], [ 12.80331, 45.84497 ], [ 12.77983, 45.85444 ], [ 12.74286, 45.82662 ], [ 12.72997, 45.83726 ], [ 12.66904, 45.79089 ], [ 12.65215, 45.80011 ], [ 12.64727, 45.82 ], [ 12.63761, 45.81805 ], [ 12.60568, 45.83825 ], [ 12.59444, 45.83077 ], [ 12.59385, 45.81518 ], [ 12.56845, 45.82811 ], [ 12.5593, 45.82592 ], [ 12.54989, 45.86052 ], [ 12.52986, 45.86361 ], [ 12.5355, 45.86927 ], [ 12.53257, 45.88027 ], [ 12.50829, 45.89698 ], [ 12.52336, 45.90348 ], [ 12.50975, 45.90944 ], [ 12.506, 45.92271 ], [ 12.46687, 45.932 ], [ 12.46298, 45.94183 ], [ 12.45583, 45.94446 ], [ 12.42614, 45.94701 ], [ 12.42233, 45.95595 ], [ 12.42683, 45.99639 ], [ 12.41528, 46.02686 ], [ 12.39993, 46.04183 ], [ 12.43565, 46.08312 ], [ 12.47237, 46.09602 ], [ 12.48527, 46.10652 ], [ 12.49879, 46.137 ], [ 12.49539, 46.1505 ], [ 12.44698, 46.18034 ], [ 12.44645, 46.20777 ], [ 12.40627, 46.20727 ], [ 12.40027, 46.21126 ], [ 12.40871, 46.22234 ], [ 12.40168, 46.229 ], [ 12.37228, 46.22402 ], [ 12.35553, 46.23116 ], [ 12.324, 46.25615 ], [ 12.32275, 46.27312 ], [ 12.32905, 46.28279 ], [ 12.35144, 46.2938 ], [ 12.35466, 46.31968 ], [ 12.37425, 46.32888 ], [ 12.40953, 46.33063 ], [ 12.42122, 46.34258 ], [ 12.41856, 46.35345 ], [ 12.42867, 46.35159 ], [ 12.46294, 46.36926 ], [ 12.45505, 46.39167 ], [ 12.4691, 46.39004 ], [ 12.49397, 46.41141 ], [ 12.49926, 46.43426 ], [ 12.5248, 46.44857 ], [ 12.53084, 46.46493 ], [ 12.54169, 46.45844 ], [ 12.5682, 46.47572 ], [ 12.60188, 46.46619 ], [ 12.62075, 46.47537 ], [ 12.64235, 46.47233 ], [ 12.65486, 46.46546 ], [ 12.66236, 46.46797 ], [ 12.65317, 46.48481 ], [ 12.63074, 46.50262 ], [ 12.62883, 46.51913 ], [ 12.62153, 46.52649 ], [ 12.6194, 46.54142 ], [ 12.62873, 46.5606 ], [ 12.64362, 46.57581 ], [ 12.65696, 46.57279 ], [ 12.68753, 46.59986 ], [ 12.70784, 46.60203 ], [ 12.70472, 46.6184 ], [ 12.71138, 46.62555 ], [ 12.75648, 46.64722 ] ] ] ] } },
{ "type": "Feature", "properties": { "COD_RIP": 1, "COD_REG": 7, "DEN_REG": "Liguria", "Shape_Leng": 806071.00259000005, "Shape_Area": 5418366288.0900002 }, "geometry": { "type": "MultiPolygon", "coordinates": [ [ [ [ 9.85149, 44.02422 ], [ 9.85041, 44.02346 ], [ 9.85122, 44.02452 ], [ 9.85149, 44.02422 ] ] ], [ [ [ 8.22466, 44.02684 ], [ 8.22924, 44.02516 ], [ 8.22479, 44.02464 ], [ 8.22466, 44.02684 ] ] ], [ [ [ 9.84837, 44.029 ], [ 9.85355, 44.02754 ], [ 9.85352, 44.02557 ], [ 9.84896, 44.0258 ], [ 9.84837, 44.029 ] ] ], [ [ [ 9.8535, 44.04921 ], [ 9.85043, 44.04107 ], [ 9.84735, 44.03401 ], [ 9.83314, 44.04699 ], [ 9.8535, 44.04921 ] ] ], [ [ [ 9.85879, 44.0516 ], [ 9.85789, 44.05159 ], [ 9.85821, 44.05194 ], [ 9.85879, 44.0516 ] ] ], [ [ [ 9.78092, 44.07128 ], [ 9.78131, 44.07101 ], [ 9.78063, 44.07085 ], [ 9.78092, 44.07128 ] ] ], [ [ [ 9.7737, 44.07763 ], [ 9.77386, 44.07729 ], [ 9.77349, 44.0774 ], [ 9.7737, 44.07763 ] ] ], [ [ [ 8.44604, 44.23449 ], [ 8.44377, 44.23385 ], [ 8.44419, 44.2352 ], [ 8.44604, 44.23449 ] ] ], [ [ [ 9.4323, 44.25204 ], [ 9.43257, 44.25168 ], [ 9.43214, 44.25169 ], [ 9.4323, 44.25204 ] ] ], [ [ [ 8.8772, 44.40406 ], [ 8.91553, 44.39673 ], [ 8.93067, 44.39223 ], [ 8.93072, 44.39131 ], [ 8.8772, 44.40406 ] ] ], [ [ [ 8.81728, 44.41389 ], [ 8.86982, 44.40329 ], [ 8.88035, 44.39982 ], [ 8.86365, 44.40435 ], [ 8.81728, 44.41389 ] ] ], [ [ [ 8.80841, 44.42155 ], [ 8.79512, 44.41198 ], [ 8.76973, 44.41579 ], [ 8.79504, 44.41216 ], [ 8.80841, 44.42155 ] ] ], [ [ [ 8.93598, 44.67644 ], [ 8.95952, 44.67602 ], [ 8.97364, 44.66315 ], [ 9.01469, 44.66607 ], [ 9.03904, 44.63659 ], [ 9.04705, 44.61466 ], [ 9.05803, 44.62181 ], [ 9.07333, 44.62434 ], [ 9.09783, 44.61384 ], [ 9.10986, 44.58392 ], [ 9.13767, 44.57393 ], [ 9.15255, 44.57422 ], [ 9.18317, 44.59131 ], [ 9.20262, 44.59444 ], [ 9.20297, 44.61349 ], [ 9.24481, 44.61972 ], [ 9.25654, 44.61059 ], [ 9.24625, 44.59927 ], [ 9.28023, 44.59617 ], [ 9.28751, 44.6076 ], [ 9.30042, 44.60777 ], [ 9.33634, 44.58203 ], [ 9.3467, 44.57952 ], [ 9.36417, 44.58473 ], [ 9.38108, 44.57675 ], [ 9.38937, 44.59022 ], [ 9.39761, 44.58763 ], [ 9.40262, 44.59079 ], [ 9.40507, 44.59981 ], [ 9.42131, 44.5926 ], [ 9.41969, 44.57709 ], [ 9.43304, 44.57118 ], [ 9.45144, 44.57131 ], [ 9.45336, 44.56213 ], [ 9.46964, 44.56587 ], [ 9.49077, 44.55895 ], [ 9.48818, 44.54557 ], [ 9.50461, 44.52996 ], [ 9.49599, 44.50373 ], [ 9.49632, 44.48395 ], [ 9.48225, 44.47929 ], [ 9.46887, 44.48188 ], [ 9.47055, 44.47195 ], [ 9.45806, 44.44883 ], [ 9.43916, 44.42907 ], [ 9.44247, 44.4163 ], [ 9.46126, 44.4229 ], [ 9.47229, 44.42194 ], [ 9.47903, 44.40926 ], [ 9.48188, 44.41709 ], [ 9.49284, 44.42332 ], [ 9.54744, 44.42684 ], [ 9.5585, 44.43866 ], [ 9.5825, 44.42855 ], [ 9.59596, 44.43501 ], [ 9.60651, 44.43329 ], [ 9.63503, 44.41511 ], [ 9.65455, 44.41175 ], [ 9.6752, 44.36445 ], [ 9.7063, 44.36619 ], [ 9.727, 44.33127 ], [ 9.75311, 44.32273 ], [ 9.76684, 44.30382 ], [ 9.8064, 44.28276 ], [ 9.8189, 44.28388 ], [ 9.85266, 44.27021 ], [ 9.86016, 44.25243 ], [ 9.85703, 44.23403 ], [ 9.87536, 44.22394 ], [ 9.8587, 44.19486 ], [ 9.86491, 44.18073 ], [ 9.87333, 44.19519 ], [ 9.89715, 44.20992 ], [ 9.90838, 44.20948 ], [ 9.91451, 44.1996 ], [ 9.93401, 44.19662 ], [ 9.89295, 44.1665 ], [ 9.89786, 44.16359 ], [ 9.92184, 44.17002 ], [ 9.97334, 44.16711 ], [ 9.97854, 44.1613 ], [ 9.97728, 44.14008 ], [ 9.98297, 44.12601 ], [ 9.99508, 44.11573 ], [ 9.99407, 44.10576 ], [ 9.98345, 44.09888 ], [ 9.99342, 44.09284 ], [ 10.00298, 44.10864 ], [ 10.01861, 44.11925 ], [ 10.03737, 44.11759 ], [ 10.06878, 44.09828 ], [ 10.07041, 44.09236 ], [ 10.05996, 44.07935 ], [ 10.03236, 44.06471 ], [ 10.01877, 44.04448 ], [ 9.99413, 44.05063 ], [ 9.97778, 44.03552 ], [ 9.96418, 44.03729 ], [ 9.90765, 44.0693 ], [ 9.90678, 44.08142 ], [ 9.88108, 44.08145 ], [ 9.85077, 44.10984 ], [ 9.83581, 44.11013 ], [ 9.82131, 44.09514 ], [ 9.8126, 44.1008 ], [ 9.83889, 44.06488 ], [ 9.84585, 44.06872 ], [ 9.84968, 44.06143 ], [ 9.83267, 44.04904 ], [ 9.81742, 44.06046 ], [ 9.76044, 44.08378 ], [ 9.75395, 44.0907 ], [ 9.73941, 44.09165 ], [ 9.72532, 44.11262 ], [ 9.67398, 44.13963 ], [ 9.64739, 44.1451 ], [ 9.63378, 44.13405 ], [ 9.60642, 44.15797 ], [ 9.60633, 44.17134 ], [ 9.59059, 44.17297 ], [ 9.57839, 44.18272 ], [ 9.56757, 44.18315 ], [ 9.56882, 44.19128 ], [ 9.55275, 44.20383 ], [ 9.52701, 44.20827 ], [ 9.50192, 44.2223 ], [ 9.48847, 44.23885 ], [ 9.48035, 44.24072 ], [ 9.47251, 44.23372 ], [ 9.45196, 44.24036 ], [ 9.44333, 44.23864 ], [ 9.43265, 44.25355 ], [ 9.41854, 44.25962 ], [ 9.40343, 44.25194 ], [ 9.39556, 44.26749 ], [ 9.38629, 44.27002 ], [ 9.39243, 44.27207 ], [ 9.39266, 44.27776 ], [ 9.37709, 44.29038 ], [ 9.23528, 44.34786 ], [ 9.2296, 44.34793 ], [ 9.23285, 44.34222 ], [ 9.21374, 44.3336 ], [ 9.21083, 44.30829 ], [ 9.21755, 44.2985 ], [ 9.15226, 44.31713 ], [ 9.14882, 44.32463 ], [ 9.15419, 44.34899 ], [ 9.13776, 44.36021 ], [ 9.09563, 44.37213 ], [ 8.99907, 44.38643 ], [ 8.98469, 44.39198 ], [ 8.97306, 44.3895 ], [ 8.93134, 44.39557 ], [ 8.92428, 44.40619 ], [ 8.92764, 44.40997 ], [ 8.91895, 44.41354 ], [ 8.91096, 44.40786 ], [ 8.9186, 44.40393 ], [ 8.91776, 44.39818 ], [ 8.82199, 44.4149 ], [ 8.823, 44.41781 ], [ 8.83973, 44.41514 ], [ 8.85, 44.4187 ], [ 8.83766, 44.42285 ], [ 8.77687, 44.42634 ], [ 8.79773, 44.42222 ], [ 8.79673, 44.4172 ], [ 8.74378, 44.42698 ], [ 8.7241, 44.41669 ], [ 8.69293, 44.40835 ], [ 8.67825, 44.39265 ], [ 8.64934, 44.38987 ], [ 8.61617, 44.36839 ], [ 8.57254, 44.35752 ], [ 8.56253, 44.34615 ], [ 8.50284, 44.32624 ], [ 8.48891, 44.31387 ], [ 8.48671, 44.30781 ], [ 8.5012, 44.31572 ], [ 8.49259, 44.30637 ], [ 8.45106, 44.28797 ], [ 8.44043, 44.27026 ], [ 8.44404, 44.26411 ], [ 8.45245, 44.26373 ], [ 8.45389, 44.26755 ], [ 8.45633, 44.2584 ], [ 8.43913, 44.23752 ], [ 8.41613, 44.22191 ], [ 8.42029, 44.19185 ], [ 8.39907, 44.18111 ], [ 8.37384, 44.17834 ], [ 8.29745, 44.15432 ], [ 8.26907, 44.13932 ], [ 8.26898, 44.13226 ], [ 8.24916, 44.11634 ], [ 8.22984, 44.08818 ], [ 8.22568, 44.04319 ], [ 8.17881, 44.01128 ], [ 8.16312, 43.9926 ], [ 8.1599, 43.97356 ], [ 8.17371, 43.95475 ], [ 8.14157, 43.94736 ], [ 8.12829, 43.92674 ], [ 8.08821, 43.91274 ], [ 8.07302, 43.89137 ], [ 8.03399, 43.88449 ], [ 8.01501, 43.87201 ], [ 7.97135, 43.8609 ], [ 7.96612, 43.85212 ], [ 7.9494, 43.84714 ], [ 7.92406, 43.8445 ], [ 7.90807, 43.8362 ], [ 7.88981, 43.83779 ], [ 7.851, 43.83029 ], [ 7.83304, 43.81643 ], [ 7.80492, 43.82325 ], [ 7.75268, 43.80668 ], [ 7.73884, 43.79542 ], [ 7.71305, 43.80088 ], [ 7.7, 43.79865 ], [ 7.67326, 43.77621 ], [ 7.57539, 43.79286 ], [ 7.55867, 43.78695 ], [ 7.55609, 43.78018 ], [ 7.53072, 43.78421 ], [ 7.5182, 43.80461 ], [ 7.50731, 43.84095 ], [ 7.49532, 43.85501 ], [ 7.50266, 43.87504 ], [ 7.53815, 43.89338 ], [ 7.56077, 43.89794 ], [ 7.56031, 43.91525 ], [ 7.57185, 43.93541 ], [ 7.56621, 43.94369 ], [ 7.58846, 43.95541 ], [ 7.61283, 43.95656 ], [ 7.64949, 43.97374 ], [ 7.67034, 43.99823 ], [ 7.66333, 44.02895 ], [ 7.69404, 44.04 ], [ 7.71166, 44.0604 ], [ 7.72325, 44.06062 ], [ 7.73789, 44.07637 ], [ 7.75909, 44.08388 ], [ 7.73289, 44.08365 ], [ 7.71802, 44.10358 ], [ 7.72296, 44.12021 ], [ 7.73185, 44.12767 ], [ 7.76883, 44.14025 ], [ 7.816, 44.12307 ], [ 7.86847, 44.11694 ], [ 7.88643, 44.10517 ], [ 7.92529, 44.11001 ], [ 7.94277, 44.10087 ], [ 7.958, 44.10369 ], [ 7.97063, 44.1138 ], [ 8.00463, 44.10233 ], [ 8.01492, 44.10995 ], [ 8.00986, 44.11272 ], [ 8.01235, 44.11954 ], [ 7.97893, 44.13354 ], [ 7.98541, 44.14277 ], [ 8.01184, 44.1559 ], [ 8.02913, 44.15383 ], [ 8.0445, 44.14255 ], [ 8.07199, 44.14773 ], [ 8.08073, 44.16533 ], [ 8.0972, 44.17897 ], [ 8.09224, 44.18456 ], [ 8.09374, 44.19859 ], [ 8.06536, 44.21694 ], [ 8.0811, 44.24004 ], [ 8.0631, 44.25307 ], [ 8.08177, 44.2625 ], [ 8.08996, 44.27392 ], [ 8.07604, 44.28753 ], [ 8.06356, 44.28827 ], [ 8.06079, 44.2999 ], [ 8.07602, 44.31396 ], [ 8.10196, 44.30093 ], [ 8.10768, 44.3127 ], [ 8.10644, 44.33237 ], [ 8.13002, 44.33048 ], [ 8.14499, 44.34664 ], [ 8.14864, 44.35481 ], [ 8.14083, 44.37121 ], [ 8.14807, 44.38413 ], [ 8.16193, 44.38583 ], [ 8.17075, 44.39485 ], [ 8.18002, 44.39815 ], [ 8.18651, 44.3953 ], [ 8.20636, 44.40427 ], [ 8.20986, 44.41898 ], [ 8.22284, 44.431 ], [ 8.20897, 44.44633 ], [ 8.20845, 44.45688 ], [ 8.19655, 44.46645 ], [ 8.19667, 44.4784 ], [ 8.20505, 44.47751 ], [ 8.22286, 44.48525 ], [ 8.2162, 44.4973 ], [ 8.22577, 44.51539 ], [ 8.25278, 44.52875 ], [ 8.27604, 44.50667 ], [ 8.3048, 44.50347 ], [ 8.32028, 44.48916 ], [ 8.34918, 44.48555 ], [ 8.35953, 44.465 ], [ 8.38845, 44.47704 ], [ 8.40369, 44.50745 ], [ 8.41613, 44.51236 ], [ 8.42863, 44.50253 ], [ 8.4421, 44.503 ], [ 8.4495, 44.49739 ], [ 8.45315, 44.50988 ], [ 8.47066, 44.52248 ], [ 8.4818, 44.51084 ], [ 8.53679, 44.51299 ], [ 8.55183, 44.50352 ], [ 8.57616, 44.50923 ], [ 8.57376, 44.52332 ], [ 8.58669, 44.52419 ], [ 8.5928, 44.53518 ], [ 8.60591, 44.53809 ], [ 8.61354, 44.54551 ], [ 8.59886, 44.55872 ], [ 8.60089, 44.56782 ], [ 8.611, 44.57055 ], [ 8.62524, 44.58479 ], [ 8.64019, 44.57914 ], [ 8.6676, 44.58233 ], [ 8.68221, 44.57547 ], [ 8.68809, 44.58036 ], [ 8.71408, 44.58145 ], [ 8.73469, 44.56629 ], [ 8.75674, 44.53612 ], [ 8.75575, 44.53061 ], [ 8.76756, 44.52496 ], [ 8.77153, 44.50776 ], [ 8.76694, 44.49195 ], [ 8.78242, 44.48839 ], [ 8.79879, 44.50009 ], [ 8.79492, 44.52255 ], [ 8.79908, 44.53015 ], [ 8.82877, 44.54307 ], [ 8.82221, 44.55025 ], [ 8.82656, 44.56155 ], [ 8.86291, 44.56061 ], [ 8.86861, 44.56624 ], [ 8.89134, 44.55063 ], [ 8.9175, 44.56106 ], [ 8.92177, 44.56799 ], [ 8.91189, 44.58003 ], [ 8.90442, 44.62063 ], [ 8.88262, 44.63875 ], [ 8.90882, 44.64764 ], [ 8.92188, 44.66357 ], [ 8.92177, 44.6723 ], [ 8.93598, 44.67644 ] ] ] ] } },
{ "type": "Feature", "properties": { "COD_RIP": 2, "COD_REG": 8, "DEN_REG": "Emilia-Romagna", "Shape_Leng": 1158168.8715600001, "Shape_Area": 22501286284.900002 }, "geometry": { "type": "MultiPolygon", "coordinates": [ [ [ [ 10.48169, 44.18981 ], [ 10.48064, 44.19017 ], [ 10.4818, 44.19041 ], [ 10.48169, 44.18981 ] ] ], [ [ [ 9.30412, 44.6937 ], [ 9.29894, 44.69372 ], [ 9.30421, 44.69655 ], [ 9.30412, 44.6937 ] ] ], [ [ [ 9.29129, 44.70558 ], [ 9.30173, 44.70309 ], [ 9.28986, 44.70082 ], [ 9.29129, 44.70558 ] ] ], [ [ [ 9.91741, 45.09963 ], [ 9.93581, 45.1044 ], [ 9.97119, 45.13235 ], [ 9.98547, 45.13343 ], [ 10.02853, 45.09623 ], [ 10.0295, 45.08724 ], [ 10.02165, 45.07589 ], [ 10.02967, 45.06681 ], [ 10.04695, 45.05929 ], [ 10.05286, 45.05059 ], [ 10.05022, 45.04128 ], [ 10.08219, 45.04764 ], [ 10.08413, 45.03293 ], [ 10.09288, 45.02376 ], [ 10.10619, 45.02213 ], [ 10.14673, 45.03498 ], [ 10.161, 45.04438 ], [ 10.16901, 45.04304 ], [ 10.17394, 45.03303 ], [ 10.1873, 45.02822 ], [ 10.21107, 45.03403 ], [ 10.25586, 45.01781 ], [ 10.27447, 44.99793 ], [ 10.30469, 44.99904 ], [ 10.30919, 44.98958 ], [ 10.35528, 44.96616 ], [ 10.36529, 44.9661 ], [ 10.3917, 44.98301 ], [ 10.408, 44.98384 ], [ 10.41677, 44.97765 ], [ 10.43776, 44.94205 ], [ 10.464, 44.93718 ], [ 10.51985, 44.91273 ], [ 10.56186, 44.90939 ], [ 10.59883, 44.91474 ], [ 10.62518, 44.92562 ], [ 10.68668, 44.98659 ], [ 10.69596, 44.97447 ], [ 10.68804, 44.9656 ], [ 10.69474, 44.96194 ], [ 10.71077, 44.97309 ], [ 10.71216, 44.98526 ], [ 10.7274, 44.99203 ], [ 10.74105, 44.98091 ], [ 10.74685, 44.96426 ], [ 10.74457, 44.94893 ], [ 10.81921, 44.9368 ], [ 10.84014, 44.93194 ], [ 10.84769, 44.9257 ], [ 10.86539, 44.92962 ], [ 10.86859, 44.92078 ], [ 10.88022, 44.91774 ], [ 10.89799, 44.92181 ], [ 10.88879, 44.91654 ], [ 10.89031, 44.91244 ], [ 10.91705, 44.92413 ], [ 10.94137, 44.92191 ], [ 10.95436, 44.93337 ], [ 10.96741, 44.93506 ], [ 10.99747, 44.95509 ], [ 11.05793, 44.9497 ], [ 11.0762, 44.9616 ], [ 11.11802, 44.95447 ], [ 11.15244, 44.93324 ], [ 11.15854, 44.93809 ], [ 11.20208, 44.93949 ], [ 11.25028, 44.94953 ], [ 11.27164, 44.93887 ], [ 11.28537, 44.95676 ], [ 11.3228, 44.96116 ], [ 11.35716, 44.95008 ], [ 11.37672, 44.95808 ], [ 11.40573, 44.94869 ], [ 11.42618, 44.95207 ], [ 11.424, 44.93656 ], [ 11.42937, 44.92905 ], [ 11.4696, 44.93637 ], [ 11.53198, 44.93683 ], [ 11.56006, 44.92051 ], [ 11.58333, 44.9142 ], [ 11.59354, 44.89089 ], [ 11.61512, 44.88811 ], [ 11.62481, 44.88922 ], [ 11.67128, 44.91476 ], [ 11.71553, 44.92634 ], [ 11.73407, 44.92714 ], [ 11.74485, 44.93497 ], [ 11.7399, 44.94859 ], [ 11.74563, 44.95733 ], [ 11.78383, 44.96419 ], [ 11.80647, 44.97716 ], [ 11.83793, 44.97278 ], [ 11.88978, 44.97697 ], [ 11.92458, 44.97468 ], [ 11.96268, 44.98683 ], [ 12.01545, 44.97656 ], [ 12.04311, 44.9767 ], [ 12.06106, 44.96958 ], [ 12.09156, 44.97021 ], [ 12.11493, 44.9591 ], [ 12.12758, 44.9355 ], [ 12.14443, 44.92829 ], [ 12.17068, 44.94205 ], [ 12.18767, 44.92643 ], [ 12.22497, 44.92298 ], [ 12.24672, 44.93562 ], [ 12.27216, 44.94326 ], [ 12.28087, 44.94177 ], [ 12.29474, 44.92741 ], [ 12.28187, 44.91002 ], [ 12.286, 44.87237 ], [ 12.29411, 44.86036 ], [ 12.30193, 44.85574 ], [ 12.34053, 44.85007 ], [ 12.35516, 44.81511 ], [ 12.39811, 44.79278 ], [ 12.39295, 44.78731 ], [ 12.3752, 44.78352 ], [ 12.32193, 44.78852 ], [ 12.32323, 44.79158 ], [ 12.3421, 44.78857 ], [ 12.32584, 44.79623 ], [ 12.37473, 44.78557 ], [ 12.38532, 44.78994 ], [ 12.37275, 44.79222 ], [ 12.3504, 44.81725 ], [ 12.33547, 44.8239 ], [ 12.31693, 44.84126 ], [ 12.28553, 44.83976 ], [ 12.25778, 44.81519 ], [ 12.27527, 44.81615 ], [ 12.26752, 44.80382 ], [ 12.28523, 44.81813 ], [ 12.25215, 44.76938 ], [ 12.24103, 44.7116 ], [ 12.24151, 44.68576 ], [ 12.24679, 44.67625 ], [ 12.25236, 44.67559 ], [ 12.25129, 44.65995 ], [ 12.28108, 44.59633 ], [ 12.27988, 44.51706 ], [ 12.29378, 44.4889 ], [ 12.28586, 44.48601 ], [ 12.28903, 44.46412 ], [ 12.31512, 44.40662 ], [ 12.32603, 44.35848 ], [ 12.3572, 44.27055 ], [ 12.39336, 44.212 ], [ 12.51728, 44.10426 ], [ 12.55581, 44.07853 ], [ 12.56807, 44.07609 ], [ 12.5746, 44.07912 ], [ 12.63522, 44.02294 ], [ 12.68983, 43.98622 ], [ 12.71702, 43.97335 ], [ 12.75062, 43.96854 ], [ 12.74693, 43.94701 ], [ 12.72869, 43.92166 ], [ 12.73483, 43.89602 ], [ 12.72373, 43.88198 ], [ 12.73399, 43.87026 ], [ 12.724, 43.86138 ], [ 12.68174, 43.85073 ], [ 12.6802, 43.82749 ], [ 12.67346, 43.82389 ], [ 12.64446, 43.82689 ], [ 12.6243, 43.82105 ], [ 12.61004, 43.83436 ], [ 12.61944, 43.84434 ], [ 12.60559, 43.84526 ], [ 12.601, 43.85051 ], [ 12.60295, 43.86224 ], [ 12.58936, 43.86525 ], [ 12.59288, 43.87304 ], [ 12.58828, 43.88511 ], [ 12.57245, 43.88486 ], [ 12.56207, 43.86955 ], [ 12.54295, 43.86452 ], [ 12.52199, 43.87363 ], [ 12.51817, 43.88104 ], [ 12.50067, 43.87454 ], [ 12.4952, 43.87729 ], [ 12.48731, 43.88642 ], [ 12.49241, 43.91828 ], [ 12.51576, 43.9422 ], [ 12.50728, 43.95905 ], [ 12.5146, 43.98466 ], [ 12.50962, 43.99209 ], [ 12.46988, 43.97772 ], [ 12.43929, 43.9591 ], [ 12.40452, 43.95463 ], [ 12.40482, 43.94404 ], [ 12.41525, 43.93074 ], [ 12.40827, 43.92152 ], [ 12.4125, 43.9094 ], [ 12.40843, 43.90281 ], [ 12.41637, 43.89986 ], [ 12.43916, 43.90531 ], [ 12.46364, 43.89124 ], [ 12.44581, 43.87125 ], [ 12.40775, 43.87671 ], [ 12.40151, 43.87312 ], [ 12.39147, 43.84699 ], [ 12.39854, 43.82636 ], [ 12.38608, 43.81534 ], [ 12.3683, 43.81289 ], [ 12.34979, 43.7996 ], [ 12.31589, 43.80564 ], [ 12.2862, 43.79486 ], [ 12.28378, 43.76492 ], [ 12.25803, 43.76043 ], [ 12.25466, 43.7533 ], [ 12.24591, 43.75119 ], [ 12.22899, 43.75955 ], [ 12.20925, 43.75526 ], [ 12.196, 43.73297 ], [ 12.18659, 43.73601 ], [ 12.16005, 43.76169 ], [ 12.1398, 43.75245 ], [ 12.12143, 43.74994 ], [ 12.10744, 43.75377 ], [ 12.07032, 43.74081 ], [ 12.05289, 43.75698 ], [ 12.04633, 43.75847 ], [ 12.04441, 43.7552 ], [ 12.00639, 43.76652 ], [ 11.98665, 43.76196 ], [ 11.95338, 43.77609 ], [ 11.94519, 43.79105 ], [ 11.91991, 43.79378 ], [ 11.9131, 43.79893 ], [ 11.91038, 43.81344 ], [ 11.88703, 43.80868 ], [ 11.86666, 43.81664 ], [ 11.84026, 43.80874 ], [ 11.82091, 43.81603 ], [ 11.78649, 43.84661 ], [ 11.73248, 43.86317 ], [ 11.71053, 43.87777 ], [ 11.71703, 43.92182 ], [ 11.68421, 43.93513 ], [ 11.69126, 43.95596 ], [ 11.654, 43.97526 ], [ 11.64555, 43.98985 ], [ 11.65015, 44.00299 ], [ 11.66394, 44.00555 ], [ 11.65766, 44.01773 ], [ 11.67975, 44.02112 ], [ 11.69283, 44.03353 ], [ 11.7007, 44.05556 ], [ 11.7334, 44.08471 ], [ 11.75169, 44.12189 ], [ 11.745, 44.12597 ], [ 11.71827, 44.12107 ], [ 11.68174, 44.1227 ], [ 11.65257, 44.10086 ], [ 11.63875, 44.11152 ], [ 11.6141, 44.11923 ], [ 11.58457, 44.11221 ], [ 11.58783, 44.1237 ], [ 11.59972, 44.12515 ], [ 11.60361, 44.13721 ], [ 11.61671, 44.14338 ], [ 11.61475, 44.15766 ], [ 11.60833, 44.16233 ], [ 11.57751, 44.16136 ], [ 11.56407, 44.16747 ], [ 11.55298, 44.16574 ], [ 11.54442, 44.15253 ], [ 11.49973, 44.16612 ], [ 11.48622, 44.17564 ], [ 11.48644, 44.18281 ], [ 11.46772, 44.1858 ], [ 11.44811, 44.19984 ], [ 11.455, 44.2124 ], [ 11.45141, 44.22063 ], [ 11.42388, 44.23754 ], [ 11.39509, 44.22006 ], [ 11.37986, 44.19967 ], [ 11.34611, 44.20501 ], [ 11.33018, 44.19845 ], [ 11.32289, 44.18173 ], [ 11.2972, 44.17012 ], [ 11.28122, 44.1563 ], [ 11.23929, 44.15892 ], [ 11.21402, 44.15015 ], [ 11.19614, 44.15146 ], [ 11.19587, 44.14301 ], [ 11.21528, 44.13191 ], [ 11.25189, 44.11572 ], [ 11.26009, 44.11581 ], [ 11.26374, 44.10433 ], [ 11.24733, 44.09777 ], [ 11.22835, 44.10241 ], [ 11.20863, 44.09908 ], [ 11.15486, 44.11181 ], [ 11.1218, 44.1065 ], [ 11.0888, 44.09002 ], [ 11.05636, 44.09119 ], [ 11.02399, 44.09745 ], [ 11.00211, 44.11235 ], [ 11.00617, 44.12152 ], [ 11.01493, 44.12521 ], [ 11.01431, 44.13749 ], [ 11.00605, 44.13845 ], [ 10.99616, 44.13618 ], [ 10.99404, 44.12956 ], [ 10.97137, 44.11627 ], [ 10.94473, 44.08168 ], [ 10.92671, 44.07488 ], [ 10.91825, 44.06301 ], [ 10.91006, 44.06254 ], [ 10.89952, 44.0654 ], [ 10.90522, 44.07993 ], [ 10.89235, 44.09201 ], [ 10.87626, 44.09992 ], [ 10.85589, 44.09878 ], [ 10.84602, 44.10255 ], [ 10.8428, 44.10963 ], [ 10.82917, 44.11667 ], [ 10.81915, 44.11245 ], [ 10.77326, 44.13466 ], [ 10.75192, 44.15467 ], [ 10.68922, 44.15719 ], [ 10.66162, 44.15402 ], [ 10.64099, 44.15952 ], [ 10.63316, 44.14619 ], [ 10.62256, 44.14118 ], [ 10.62406, 44.12037 ], [ 10.60509, 44.11469 ], [ 10.58955, 44.11682 ], [ 10.56951, 44.13582 ], [ 10.52493, 44.15685 ], [ 10.51813, 44.18086 ], [ 10.48924, 44.19846 ], [ 10.49179, 44.21756 ], [ 10.48461, 44.22283 ], [ 10.4664, 44.22967 ], [ 10.43078, 44.22665 ], [ 10.41572, 44.23464 ], [ 10.40591, 44.24943 ], [ 10.37705, 44.26708 ], [ 10.33714, 44.27151 ], [ 10.30712, 44.28432 ], [ 10.2964, 44.28518 ], [ 10.25386, 44.26858 ], [ 10.23703, 44.28165 ], [ 10.22626, 44.29997 ], [ 10.21814, 44.30469 ], [ 10.21237, 44.3028 ], [ 10.16852, 44.32939 ], [ 10.16067, 44.34429 ], [ 10.14628, 44.35213 ], [ 10.12823, 44.35393 ], [ 10.10167, 44.34843 ], [ 10.02041, 44.3842 ], [ 9.99025, 44.40411 ], [ 10.0055, 44.42846 ], [ 10.00107, 44.44304 ], [ 9.99604, 44.44696 ], [ 9.98107, 44.44512 ], [ 9.97145, 44.45219 ], [ 9.97071, 44.46444 ], [ 9.95991, 44.46708 ], [ 9.91908, 44.47118 ], [ 9.81967, 44.4661 ], [ 9.81673, 44.45205 ], [ 9.79824, 44.44314 ], [ 9.75806, 44.40712 ], [ 9.75288, 44.40086 ], [ 9.75505, 44.39294 ], [ 9.74417, 44.38227 ], [ 9.73207, 44.37938 ], [ 9.7169, 44.38317 ], [ 9.68385, 44.36253 ], [ 9.67334, 44.36702 ], [ 9.65455, 44.41175 ], [ 9.63503, 44.41511 ], [ 9.60651, 44.43329 ], [ 9.59596, 44.43501 ], [ 9.5825, 44.42855 ], [ 9.57413, 44.43499 ], [ 9.55484, 44.43799 ], [ 9.54744, 44.42684 ], [ 9.49284, 44.42332 ], [ 9.48188, 44.41709 ], [ 9.47903, 44.40926 ], [ 9.47229, 44.42194 ], [ 9.46126, 44.4229 ], [ 9.44247, 44.4163 ], [ 9.43916, 44.42907 ], [ 9.45806, 44.44883 ], [ 9.47055, 44.47195 ], [ 9.46887, 44.48188 ], [ 9.48225, 44.47929 ], [ 9.49632, 44.48395 ], [ 9.49599, 44.50373 ], [ 9.50461, 44.52996 ], [ 9.48818, 44.54557 ], [ 9.49077, 44.55895 ], [ 9.46964, 44.56587 ], [ 9.45336, 44.56213 ], [ 9.45144, 44.57131 ], [ 9.43304, 44.57118 ], [ 9.41969, 44.57709 ], [ 9.42131, 44.5926 ], [ 9.40507, 44.59981 ], [ 9.40262, 44.59079 ], [ 9.39761, 44.58763 ], [ 9.38937, 44.59022 ], [ 9.38108, 44.57675 ], [ 9.36417, 44.58473 ], [ 9.3467, 44.57952 ], [ 9.33634, 44.58203 ], [ 9.30042, 44.60777 ], [ 9.28751, 44.6076 ], [ 9.28023, 44.59617 ], [ 9.24625, 44.59927 ], [ 9.25654, 44.61059 ], [ 9.2455, 44.61965 ], [ 9.20042, 44.61533 ], [ 9.19897, 44.64598 ], [ 9.20643, 44.6602 ], [ 9.19946, 44.68502 ], [ 9.22379, 44.68341 ], [ 9.24213, 44.68746 ], [ 9.23226, 44.70333 ], [ 9.23508, 44.71636 ], [ 9.25948, 44.67995 ], [ 9.27861, 44.6856 ], [ 9.28581, 44.68446 ], [ 9.28549, 44.67988 ], [ 9.29663, 44.68081 ], [ 9.32464, 44.69002 ], [ 9.32615, 44.69381 ], [ 9.30848, 44.70563 ], [ 9.33167, 44.73526 ], [ 9.2882, 44.75744 ], [ 9.28472, 44.76709 ], [ 9.28754, 44.77313 ], [ 9.31787, 44.78621 ], [ 9.3233, 44.79923 ], [ 9.35452, 44.81231 ], [ 9.3631, 44.8224 ], [ 9.35033, 44.83703 ], [ 9.34238, 44.86727 ], [ 9.31684, 44.87772 ], [ 9.30724, 44.87614 ], [ 9.28989, 44.88239 ], [ 9.29283, 44.89032 ], [ 9.28101, 44.89604 ], [ 9.29297, 44.92046 ], [ 9.28635, 44.93395 ], [ 9.30631, 44.93415 ], [ 9.32154, 44.94397 ], [ 9.34398, 44.99292 ], [ 9.35321, 45.00102 ], [ 9.36508, 45.00242 ], [ 9.37029, 45.01167 ], [ 9.37559, 45.04041 ], [ 9.37221, 45.05027 ], [ 9.40636, 45.07322 ], [ 9.41078, 45.08275 ], [ 9.4356, 45.08183 ], [ 9.43907, 45.09195 ], [ 9.47141, 45.0955 ], [ 9.49929, 45.10392 ], [ 9.52548, 45.08014 ], [ 9.53342, 45.0789 ], [ 9.55133, 45.09211 ], [ 9.53583, 45.12145 ], [ 9.54499, 45.13232 ], [ 9.5566, 45.12755 ], [ 9.56858, 45.10734 ], [ 9.58595, 45.10499 ], [ 9.58745, 45.09962 ], [ 9.61196, 45.1115 ], [ 9.61897, 45.13355 ], [ 9.62935, 45.13203 ], [ 9.64092, 45.11662 ], [ 9.6315, 45.09039 ], [ 9.63494, 45.08398 ], [ 9.67434, 45.07836 ], [ 9.68368, 45.07034 ], [ 9.715, 45.05824 ], [ 9.72768, 45.06214 ], [ 9.75037, 45.07905 ], [ 9.74736, 45.11304 ], [ 9.76548, 45.10832 ], [ 9.78892, 45.0838 ], [ 9.81326, 45.0781 ], [ 9.81656, 45.05446 ], [ 9.82325, 45.05274 ], [ 9.83376, 45.06168 ], [ 9.83139, 45.08396 ], [ 9.83836, 45.09565 ], [ 9.86152, 45.09356 ], [ 9.88065, 45.07479 ], [ 9.89677, 45.08054 ], [ 9.90063, 45.09544 ], [ 9.87856, 45.11256 ], [ 9.87542, 45.12171 ], [ 9.91369, 45.13913 ], [ 9.92382, 45.13503 ], [ 9.9272, 45.12746 ], [ 9.91445, 45.10941 ], [ 9.91741, 45.09963 ] ], [ [ 12.17115, 43.80794 ], [ 12.17636, 43.78829 ], [ 12.18773, 43.77374 ], [ 12.19746, 43.77073 ], [ 12.21244, 43.78171 ], [ 12.23952, 43.78652 ], [ 12.23709, 43.80124 ], [ 12.22979, 43.80868 ], [ 12.22419, 43.80985 ], [ 12.21728, 43.80275 ], [ 12.17586, 43.81029 ], [ 12.17115, 43.80794 ] ] ] ] } },
{ "type": "Feature", "properties": { "COD_RIP": 3, "COD_REG": 9, "DEN_REG": "Toscana", "Shape_Leng": 1288035.8233, "Shape_Area": 22990902666.5 }, "geometry": { "type": "MultiPolygon", "coordinates": [ [ [ [ 11.10986, 42.2634 ], [ 11.11749, 42.25383 ], [ 11.10872, 42.25545 ], [ 11.10321, 42.25104 ], [ 11.10252, 42.24612 ], [ 11.11196, 42.2431 ], [ 11.10939, 42.23822 ], [ 11.09834, 42.2417 ], [ 11.09273, 42.25227 ], [ 11.10986, 42.2634 ] ] ], [ [ [ 10.31347, 42.351 ], [ 10.32562, 42.34395 ], [ 10.32987, 42.32203 ], [ 10.31675, 42.31496 ], [ 10.29692, 42.31583 ], [ 10.28885, 42.32624 ], [ 10.29376, 42.34508 ], [ 10.30035, 42.35083 ], [ 10.31347, 42.351 ] ] ], [ [ [ 10.06418, 42.35879 ], [ 10.06458, 42.35823 ], [ 10.06387, 42.35828 ], [ 10.06418, 42.35879 ] ] ], [ [ [ 10.8822, 42.34977 ], [ 10.88279, 42.34948 ], [ 10.88267, 42.34917 ], [ 10.8822, 42.34977 ] ] ], [ [ [ 10.92881, 42.35649 ], [ 10.92917, 42.35553 ], [ 10.92838, 42.35609 ], [ 10.92881, 42.35649 ] ] ], [ [ [ 11.12966, 42.37774 ], [ 11.13065, 42.3767 ], [ 11.13051, 42.37665 ], [ 11.12966, 42.37774 ] ] ], [ [ [ 11.2094, 42.38097 ], [ 11.21161, 42.38177 ], [ 11.21335, 42.37983 ], [ 11.2094, 42.38097 ] ] ], [ [ [ 11.31157, 42.38086 ], [ 11.31061, 42.38031 ], [ 11.31148, 42.38095 ], [ 11.31157, 42.38086 ] ] ], [ [ [ 10.88017, 42.38883 ], [ 10.90693, 42.38035 ], [ 10.92184, 42.35969 ], [ 10.9229, 42.34382 ], [ 10.93163, 42.33869 ], [ 10.92926, 42.32553 ], [ 10.92086, 42.31813 ], [ 10.9049, 42.32593 ], [ 10.88294, 42.35095 ], [ 10.86678, 42.35434 ], [ 10.86836, 42.36775 ], [ 10.88159, 42.36762 ], [ 10.88017, 42.38883 ] ] ], [ [ [ 11.0824, 42.41904 ], [ 11.08059, 42.41805 ], [ 11.08023, 42.41818 ], [ 11.0824, 42.41904 ] ] ], [ [ [ 10.90076, 42.55623 ], [ 10.90041, 42.5564 ], [ 10.90077, 42.55639 ], [ 10.90076, 42.55623 ] ] ], [ [ [ 10.89488, 42.56437 ], [ 10.89474, 42.56315 ], [ 10.89444, 42.56442 ], [ 10.89488, 42.56437 ] ] ], [ [ [ 10.10531, 42.58393 ], [ 10.10709, 42.58337 ], [ 10.10677, 42.58308 ], [ 10.10531, 42.58393 ] ] ], [ [ [ 10.88218, 42.57768 ], [ 10.88136, 42.57579 ], [ 10.88024, 42.57743 ], [ 10.88218, 42.57768 ] ] ], [ [ [ 10.07965, 42.61935 ], [ 10.08957, 42.61486 ], [ 10.08689, 42.60144 ], [ 10.09826, 42.58853 ], [ 10.10031, 42.57679 ], [ 10.08757, 42.5682 ], [ 10.05213, 42.57387 ], [ 10.04561, 42.58122 ], [ 10.05353, 42.58899 ], [ 10.0637, 42.58687 ], [ 10.07403, 42.59133 ], [ 10.08287, 42.60412 ], [ 10.07965, 42.61935 ] ] ], [ [ [ 10.07982, 42.6224 ], [ 10.08009, 42.6217 ], [ 10.07941, 42.62178 ], [ 10.07982, 42.6224 ] ] ], [ [ [ 10.41315, 42.71009 ], [ 10.41272, 42.7098 ], [ 10.41307, 42.71013 ], [ 10.41315, 42.71009 ] ] ], [ [ [ 10.36135, 42.71338 ], [ 10.3609, 42.71318 ], [ 10.36127, 42.71349 ], [ 10.36135, 42.71338 ] ] ], [ [ [ 10.36134, 42.71393 ], [ 10.36064, 42.71363 ], [ 10.36115, 42.71402 ], [ 10.36134, 42.71393 ] ] ], [ [ [ 10.40645, 42.7133 ], [ 10.40611, 42.71353 ], [ 10.40648, 42.71357 ], [ 10.40645, 42.7133 ] ] ], [ [ [ 10.37339, 42.71632 ], [ 10.37313, 42.71616 ], [ 10.37326, 42.71645 ], [ 10.37339, 42.71632 ] ] ], [ [ [ 10.37209, 42.71758 ], [ 10.37353, 42.71663 ], [ 10.37241, 42.71639 ], [ 10.37209, 42.71758 ] ] ], [ [ [ 10.37302, 42.71889 ], [ 10.37488, 42.71874 ], [ 10.37531, 42.71784 ], [ 10.37302, 42.71889 ] ] ], [ [ [ 10.3193, 42.73492 ], [ 10.31995, 42.73407 ], [ 10.31898, 42.73416 ], [ 10.3193, 42.73492 ] ] ], [ [ [ 10.23159, 42.78942 ], [ 10.23103, 42.78927 ], [ 10.23106, 42.78956 ], [ 10.23159, 42.78942 ] ] ], [ [ [ 10.43448, 42.79068 ], [ 10.43317, 42.79019 ], [ 10.4343, 42.79097 ], [ 10.43448, 42.79068 ] ] ], [ [ [ 10.71152, 42.79831 ], [ 10.71342, 42.79709 ], [ 10.71232, 42.79634 ], [ 10.71152, 42.79831 ] ] ], [ [ [ 10.33106, 42.82903 ], [ 10.3309, 42.82808 ], [ 10.33, 42.8282 ], [ 10.33106, 42.82903 ] ] ], [ [ [ 10.54961, 42.86057 ], [ 10.54821, 42.85634 ], [ 10.54662, 42.85595 ], [ 10.54582, 42.85785 ], [ 10.54961, 42.86057 ] ] ], [ [ [ 10.47243, 42.86582 ], [ 10.47567, 42.86484 ], [ 10.47324, 42.86382 ], [ 10.47243, 42.86582 ] ] ], [ [ [ 10.47486, 42.86831 ], [ 10.47565, 42.86841 ], [ 10.47553, 42.86779 ], [ 10.47486, 42.86831 ] ] ], [ [ [ 10.42381, 42.87142 ], [ 10.42292, 42.87048 ], [ 10.4225, 42.87094 ], [ 10.42381, 42.87142 ] ] ], [ [ [ 10.41452, 42.8716 ], [ 10.42162, 42.85945 ], [ 10.44221, 42.84816 ], [ 10.42862, 42.81613 ], [ 10.43452, 42.77653 ], [ 10.38571, 42.75935 ], [ 10.4097, 42.75386 ], [ 10.40664, 42.74721 ], [ 10.4309, 42.73578 ], [ 10.43436, 42.71759 ], [ 10.42326, 42.70811 ], [ 10.41116, 42.71635 ], [ 10.39817, 42.71213 ], [ 10.38233, 42.71541 ], [ 10.35701, 42.75202 ], [ 10.35815, 42.75833 ], [ 10.34463, 42.76394 ], [ 10.31818, 42.75997 ], [ 10.32569, 42.74493 ], [ 10.31951, 42.73602 ], [ 10.30984, 42.75924 ], [ 10.29939, 42.75927 ], [ 10.29149, 42.75358 ], [ 10.28703, 42.73562 ], [ 10.24104, 42.74973 ], [ 10.2354, 42.7449 ], [ 10.2408, 42.73277 ], [ 10.23679, 42.72604 ], [ 10.20005, 42.73551 ], [ 10.15223, 42.72997 ], [ 10.13617, 42.73295 ], [ 10.10546, 42.76264 ], [ 10.10466, 42.789 ], [ 10.13658, 42.80742 ], [ 10.18517, 42.81139 ], [ 10.20604, 42.8071 ], [ 10.22839, 42.78942 ], [ 10.24462, 42.78824 ], [ 10.24823, 42.79945 ], [ 10.2615, 42.79881 ], [ 10.26947, 42.80359 ], [ 10.26628, 42.80799 ], [ 10.27527, 42.81866 ], [ 10.26303, 42.82479 ], [ 10.2624, 42.8297 ], [ 10.29357, 42.81937 ], [ 10.32883, 42.818 ], [ 10.32959, 42.81204 ], [ 10.31408, 42.80973 ], [ 10.3152, 42.80627 ], [ 10.34078, 42.79657 ], [ 10.35582, 42.79899 ], [ 10.36147, 42.80338 ], [ 10.36228, 42.81781 ], [ 10.37952, 42.82843 ], [ 10.3905, 42.8513 ], [ 10.40876, 42.87134 ], [ 10.41452, 42.8716 ] ] ], [ [ [ 10.49407, 42.93277 ], [ 10.49256, 42.93231 ], [ 10.49411, 42.93302 ], [ 10.49407, 42.93277 ] ] ], [ [ [ 9.79794, 43.03191 ], [ 9.79605, 43.03166 ], [ 9.79623, 43.03241 ], [ 9.79794, 43.03191 ] ] ], [ [ [ 9.82573, 43.07269 ], [ 9.83715, 43.06215 ], [ 9.83675, 43.05073 ], [ 9.84466, 43.05106 ], [ 9.84697, 43.04578 ], [ 9.83871, 43.02672 ], [ 9.81169, 43.00305 ], [ 9.79317, 43.0206 ], [ 9.79678, 43.02668 ], [ 9.79921, 43.03529 ], [ 9.80086, 43.05286 ], [ 9.82573, 43.07269 ] ] ], [ [ [ 9.9018, 43.43933 ], [ 9.90895, 43.43335 ], [ 9.9011, 43.41978 ], [ 9.88866, 43.42566 ], [ 9.89249, 43.43627 ], [ 9.90138, 43.43572 ], [ 9.9018, 43.43933 ] ] ], [ [ [ 10.21907, 43.54641 ], [ 10.21858, 43.54614 ], [ 10.21871, 43.54642 ], [ 10.21907, 43.54641 ] ] ], [ [ [ 10.21962, 43.54813 ], [ 10.21893, 43.54782 ], [ 10.21895, 43.5484 ], [ 10.21962, 43.54813 ] ] ], [ [ [ 12.17586, 43.81029 ], [ 12.21803, 43.80279 ], [ 12.22419, 43.80985 ], [ 12.22979, 43.80868 ], [ 12.23709, 43.80124 ], [ 12.23952, 43.78652 ], [ 12.21244, 43.78171 ], [ 12.19746, 43.77073 ], [ 12.18773, 43.77374 ], [ 12.1698, 43.80534 ], [ 12.17586, 43.81029 ] ] ], [ [ [ 9.85514, 44.47061 ], [ 9.9331, 44.47111 ], [ 9.97071, 44.46444 ], [ 9.9729, 44.4506 ], [ 9.98107, 44.44512 ], [ 9.99633, 44.44689 ], [ 10.00471, 44.43651 ], [ 10.00245, 44.4217 ], [ 9.99016, 44.40482 ], [ 10.00219, 44.39429 ], [ 10.10167, 44.34843 ], [ 10.12823, 44.35393 ], [ 10.14628, 44.35213 ], [ 10.16067, 44.34429 ], [ 10.16852, 44.32939 ], [ 10.21237, 44.3028 ], [ 10.21814, 44.30469 ], [ 10.22626, 44.29997 ], [ 10.23703, 44.28165 ], [ 10.25317, 44.26883 ], [ 10.2964, 44.28518 ], [ 10.30712, 44.28432 ], [ 10.33714, 44.27151 ], [ 10.37705, 44.26708 ], [ 10.40591, 44.24943 ], [ 10.41572, 44.23464 ], [ 10.43078, 44.22665 ], [ 10.4664, 44.22967 ], [ 10.48751, 44.22133 ], [ 10.49179, 44.21756 ], [ 10.48924, 44.19846 ], [ 10.51813, 44.18086 ], [ 10.52493, 44.15685 ], [ 10.56154, 44.14072 ], [ 10.59166, 44.11595 ], [ 10.60509, 44.11469 ], [ 10.62406, 44.12037 ], [ 10.62256, 44.14118 ], [ 10.63316, 44.14619 ], [ 10.64099, 44.15952 ], [ 10.66162, 44.15402 ], [ 10.68922, 44.15719 ], [ 10.75192, 44.15467 ], [ 10.77326, 44.13466 ], [ 10.81915, 44.11245 ], [ 10.82917, 44.11667 ], [ 10.8428, 44.10963 ], [ 10.84602, 44.10255 ], [ 10.85589, 44.09878 ], [ 10.87705, 44.09969 ], [ 10.90194, 44.08635 ], [ 10.90522, 44.07993 ], [ 10.89914, 44.06648 ], [ 10.90473, 44.06325 ], [ 10.91825, 44.06301 ], [ 10.92671, 44.07488 ], [ 10.94414, 44.08123 ], [ 10.97137, 44.11627 ], [ 10.99404, 44.12956 ], [ 10.99616, 44.13618 ], [ 11.00695, 44.13855 ], [ 11.01431, 44.13749 ], [ 11.01493, 44.12521 ], [ 11.00617, 44.12152 ], [ 11.00211, 44.11235 ], [ 11.02399, 44.09745 ], [ 11.05636, 44.09119 ], [ 11.0888, 44.09002 ], [ 11.1218, 44.1065 ], [ 11.15486, 44.11181 ], [ 11.20863, 44.09908 ], [ 11.22835, 44.10241 ], [ 11.24733, 44.09777 ], [ 11.26374, 44.10433 ], [ 11.26009, 44.11581 ], [ 11.25189, 44.11572 ], [ 11.21528, 44.13191 ], [ 11.19587, 44.14301 ], [ 11.19614, 44.15146 ], [ 11.21402, 44.15015 ], [ 11.23929, 44.15892 ], [ 11.28122, 44.1563 ], [ 11.2972, 44.17012 ], [ 11.32289, 44.18173 ], [ 11.33018, 44.19845 ], [ 11.34611, 44.20501 ], [ 11.37986, 44.19967 ], [ 11.39509, 44.22006 ], [ 11.42388, 44.23754 ], [ 11.45141, 44.22063 ], [ 11.455, 44.2124 ], [ 11.44811, 44.19984 ], [ 11.46772, 44.1858 ], [ 11.48644, 44.18281 ], [ 11.48622, 44.17564 ], [ 11.49973, 44.16612 ], [ 11.54442, 44.15253 ], [ 11.55298, 44.16574 ], [ 11.56407, 44.16747 ], [ 11.57751, 44.16136 ], [ 11.60833, 44.16233 ], [ 11.61475, 44.15766 ], [ 11.61671, 44.14338 ], [ 11.60361, 44.13721 ], [ 11.59972, 44.12515 ], [ 11.58783, 44.1237 ], [ 11.58457, 44.11221 ], [ 11.6141, 44.11923 ], [ 11.63875, 44.11152 ], [ 11.65257, 44.10086 ], [ 11.68174, 44.1227 ], [ 11.71827, 44.12107 ], [ 11.745, 44.12597 ], [ 11.75169, 44.12189 ], [ 11.7334, 44.08471 ], [ 11.7007, 44.05556 ], [ 11.69283, 44.03353 ], [ 11.67975, 44.02112 ], [ 11.65766, 44.01773 ], [ 11.66394, 44.00555 ], [ 11.65015, 44.00299 ], [ 11.64555, 43.98985 ], [ 11.654, 43.97526 ], [ 11.69126, 43.95596 ], [ 11.68421, 43.93513 ], [ 11.71703, 43.92182 ], [ 11.71053, 43.87777 ], [ 11.73202, 43.86339 ], [ 11.78573, 43.84702 ], [ 11.82091, 43.81603 ], [ 11.84026, 43.80874 ], [ 11.86666, 43.81664 ], [ 11.88703, 43.80868 ], [ 11.91038, 43.81344 ], [ 11.9131, 43.79893 ], [ 11.91991, 43.79378 ], [ 11.94519, 43.79105 ], [ 11.95338, 43.77609 ], [ 11.98665, 43.76196 ], [ 12.00639, 43.76652 ], [ 12.04441, 43.7552 ], [ 12.04633, 43.75847 ], [ 12.05289, 43.75698 ], [ 12.07032, 43.74081 ], [ 12.10744, 43.75377 ], [ 12.12143, 43.74994 ], [ 12.1398, 43.75245 ], [ 12.16005, 43.76169 ], [ 12.18659, 43.73601 ], [ 12.196, 43.73297 ], [ 12.20925, 43.75526 ], [ 12.22899, 43.75955 ], [ 12.24591, 43.75119 ], [ 12.25466, 43.7533 ], [ 12.25803, 43.76043 ], [ 12.28378, 43.76492 ], [ 12.32707, 43.75101 ], [ 12.33747, 43.73708 ], [ 12.37009, 43.71295 ], [ 12.36948, 43.70656 ], [ 12.35732, 43.70202 ], [ 12.3457, 43.70899 ], [ 12.33005, 43.70653 ], [ 12.33571, 43.67891 ], [ 12.33055, 43.67383 ], [ 12.31622, 43.67822 ], [ 12.31998, 43.68763 ], [ 12.30832, 43.73018 ], [ 12.30113, 43.72021 ], [ 12.30262, 43.69522 ], [ 12.29335, 43.68461 ], [ 12.27435, 43.67664 ], [ 12.2496, 43.68036 ], [ 12.24916, 43.66845 ], [ 12.23124, 43.65514 ], [ 12.1859, 43.64238 ], [ 12.18967, 43.63288 ], [ 12.20958, 43.62127 ], [ 12.21383, 43.61089 ], [ 12.19981, 43.60325 ], [ 12.18979, 43.58661 ], [ 12.16266, 43.56137 ], [ 12.15324, 43.52871 ], [ 12.14381, 43.53329 ], [ 12.10888, 43.53254 ], [ 12.09535, 43.5218 ], [ 12.09089, 43.51123 ], [ 12.09509, 43.49916 ], [ 12.14483, 43.47957 ], [ 12.14324, 43.47029 ], [ 12.10455, 43.46059 ], [ 12.09658, 43.44565 ], [ 12.08136, 43.43405 ], [ 12.05688, 43.43825 ], [ 12.02521, 43.41557 ], [ 12.03366, 43.40024 ], [ 12.0521, 43.39832 ], [ 12.07096, 43.405 ], [ 12.07731, 43.40214 ], [ 12.07278, 43.38126 ], [ 12.077, 43.36583 ], [ 12.10257, 43.37245 ], [ 12.12482, 43.35801 ], [ 12.13543, 43.34065 ], [ 12.13432, 43.31624 ], [ 12.12683, 43.30818 ], [ 12.1326, 43.29304 ], [ 12.17704, 43.28178 ], [ 12.18443, 43.30209 ], [ 12.19515, 43.31279 ], [ 12.22389, 43.2958 ], [ 12.21006, 43.28273 ], [ 12.17471, 43.27309 ], [ 12.14877, 43.25475 ], [ 12.12105, 43.25495 ], [ 12.09237, 43.23591 ], [ 12.0496, 43.25277 ], [ 12.04332, 43.25071 ], [ 12.03384, 43.24602 ], [ 12.03904, 43.22885 ], [ 12.02335, 43.18726 ], [ 12.00642, 43.18053 ], [ 11.98785, 43.18083 ], [ 11.92498, 43.14925 ], [ 11.92042, 43.13167 ], [ 11.91325, 43.12766 ], [ 11.93073, 43.09339 ], [ 11.92251, 43.08151 ], [ 11.93607, 43.05593 ], [ 11.94083, 43.05298 ], [ 11.94784, 43.0555 ], [ 11.9567, 43.06866 ], [ 11.97312, 43.06364 ], [ 11.9824, 43.05095 ], [ 11.94982, 42.97553 ], [ 11.95208, 42.9497 ], [ 11.9391, 42.93252 ], [ 11.93272, 42.9085 ], [ 11.93673, 42.90346 ], [ 11.95451, 42.90093 ], [ 11.95904, 42.87059 ], [ 11.92867, 42.86892 ], [ 11.91485, 42.85216 ], [ 11.89189, 42.84288 ], [ 11.89459, 42.83429 ], [ 11.84744, 42.83766 ], [ 11.83287, 42.82741 ], [ 11.81457, 42.82335 ], [ 11.80685, 42.79486 ], [ 11.79138, 42.81214 ], [ 11.77424, 42.82107 ], [ 11.75335, 42.80224 ], [ 11.74602, 42.78576 ], [ 11.76297, 42.77987 ], [ 11.77694, 42.767 ], [ 11.77942, 42.75802 ], [ 11.80864, 42.75317 ], [ 11.81755, 42.74565 ], [ 11.80156, 42.70719 ], [ 11.77996, 42.70535 ], [ 11.78516, 42.67219 ], [ 11.79994, 42.66845 ], [ 11.80928, 42.65295 ], [ 11.80412, 42.6443 ], [ 11.78019, 42.63474 ], [ 11.74976, 42.63965 ], [ 11.75183, 42.6256 ], [ 11.73597, 42.60666 ], [ 11.72741, 42.60637 ], [ 11.72599, 42.61093 ], [ 11.71029, 42.61002 ], [ 11.70042, 42.60137 ], [ 11.67985, 42.59525 ], [ 11.68578, 42.58483 ], [ 11.68174, 42.58181 ], [ 11.65842, 42.57704 ], [ 11.64376, 42.5667 ], [ 11.62548, 42.56925 ], [ 11.61401, 42.55723 ], [ 11.6046, 42.56808 ], [ 11.58924, 42.5714 ], [ 11.57884, 42.56775 ], [ 11.58584, 42.54176 ], [ 11.57012, 42.53449 ], [ 11.56086, 42.51703 ], [ 11.58442, 42.50667 ], [ 11.59283, 42.49537 ], [ 11.61629, 42.48848 ], [ 11.61773, 42.43609 ], [ 11.54428, 42.44216 ], [ 11.51658, 42.43356 ], [ 11.48889, 42.43937 ], [ 11.48103, 42.4336 ], [ 11.47685, 42.41405 ], [ 11.45081, 42.39505 ], [ 11.44985, 42.37754 ], [ 11.36187, 42.39907 ], [ 11.28296, 42.40679 ], [ 11.27326, 42.41853 ], [ 11.24248, 42.41833 ], [ 11.2101, 42.40843 ], [ 11.20553, 42.40131 ], [ 11.21186, 42.40186 ], [ 11.20725, 42.39492 ], [ 11.21325, 42.38848 ], [ 11.19196, 42.37936 ], [ 11.18986, 42.36475 ], [ 11.16571, 42.368 ], [ 11.15316, 42.36107 ], [ 11.1509, 42.37089 ], [ 11.12734, 42.38569 ], [ 11.09807, 42.39325 ], [ 11.08856, 42.42726 ], [ 11.10521, 42.44755 ], [ 11.11243, 42.44664 ], [ 11.12331, 42.4345 ], [ 11.13211, 42.43904 ], [ 11.16024, 42.43443 ], [ 11.17111, 42.44247 ], [ 11.18432, 42.46431 ], [ 11.19105, 42.48944 ], [ 11.19112, 42.51494 ], [ 11.18079, 42.53555 ], [ 11.15679, 42.56277 ], [ 11.13903, 42.56074 ], [ 11.13415, 42.55142 ], [ 11.12272, 42.55848 ], [ 11.10406, 42.59818 ], [ 11.08229, 42.61373 ], [ 11.08844, 42.61806 ], [ 11.08533, 42.62682 ], [ 11.01357, 42.65702 ], [ 10.98022, 42.71576 ], [ 10.95155, 42.73689 ], [ 10.91889, 42.75096 ], [ 10.86747, 42.76466 ], [ 10.81069, 42.77476 ], [ 10.78497, 42.77483 ], [ 10.73085, 42.8019 ], [ 10.73536, 42.80905 ], [ 10.73672, 42.80586 ], [ 10.75844, 42.80884 ], [ 10.77273, 42.83105 ], [ 10.77589, 42.84588 ], [ 10.77067, 42.86748 ], [ 10.78662, 42.88837 ], [ 10.77362, 42.9088 ], [ 10.71302, 42.93969 ], [ 10.64577, 42.95312 ], [ 10.56121, 42.95095 ], [ 10.55382, 42.94829 ], [ 10.56268, 42.94443 ], [ 10.55927, 42.93697 ], [ 10.56071, 42.94116 ], [ 10.55505, 42.94248 ], [ 10.54277, 42.93474 ], [ 10.54421, 42.93033 ], [ 10.55135, 42.93042 ], [ 10.54314, 42.92076 ], [ 10.52544, 42.92044 ], [ 10.51028, 42.93283 ], [ 10.49754, 42.9319 ], [ 10.48581, 42.96164 ], [ 10.48317, 42.9881 ], [ 10.4943, 42.99461 ], [ 10.50714, 42.99068 ], [ 10.51606, 42.99908 ], [ 10.5109, 43.01261 ], [ 10.52205, 43.02054 ], [ 10.53657, 43.08394 ], [ 10.53879, 43.16469 ], [ 10.52763, 43.23398 ], [ 10.50189, 43.29019 ], [ 10.4592, 43.32192 ], [ 10.45479, 43.34464 ], [ 10.44422, 43.35421 ], [ 10.42549, 43.39912 ], [ 10.40498, 43.40519 ], [ 10.39985, 43.42236 ], [ 10.37241, 43.45351 ], [ 10.35353, 43.46385 ], [ 10.34165, 43.46503 ], [ 10.33045, 43.47384 ], [ 10.33142, 43.48403 ], [ 10.31848, 43.50986 ], [ 10.2925, 43.54695 ], [ 10.30384, 43.54881 ], [ 10.29588, 43.55369 ], [ 10.31655, 43.57454 ], [ 10.31993, 43.58433 ], [ 10.31126, 43.57145 ], [ 10.30396, 43.57587 ], [ 10.3051, 43.56652 ], [ 10.2944, 43.56065 ], [ 10.29633, 43.58419 ], [ 10.2856, 43.64219 ], [ 10.26971, 43.6769 ], [ 10.2826, 43.68642 ], [ 10.27741, 43.73843 ], [ 10.25795, 43.81388 ], [ 10.23718, 43.85732 ], [ 10.24259, 43.86106 ], [ 10.23856, 43.87219 ], [ 10.19029, 43.93298 ], [ 10.14475, 43.97448 ], [ 10.06881, 44.02542 ], [ 10.03528, 44.03468 ], [ 10.01877, 44.04448 ], [ 10.03236, 44.06471 ], [ 10.05996, 44.07935 ], [ 10.07041, 44.09236 ], [ 10.06878, 44.09828 ], [ 10.04441, 44.11567 ], [ 10.02148, 44.11947 ], [ 10.00381, 44.10947 ], [ 9.99342, 44.09284 ], [ 9.98345, 44.09888 ], [ 9.99407, 44.10576 ], [ 9.99508, 44.11573 ], [ 9.98297, 44.12601 ], [ 9.97728, 44.14008 ], [ 9.97854, 44.1613 ], [ 9.97334, 44.16711 ], [ 9.92184, 44.17002 ], [ 9.89786, 44.16359 ], [ 9.89295, 44.1665 ], [ 9.93401, 44.19662 ], [ 9.91451, 44.1996 ], [ 9.90838, 44.20948 ], [ 9.89189, 44.20805 ], [ 9.87329, 44.19515 ], [ 9.86491, 44.18073 ], [ 9.8587, 44.19486 ], [ 9.87536, 44.22394 ], [ 9.85703, 44.23403 ], [ 9.86016, 44.25243 ], [ 9.85266, 44.27021 ], [ 9.8189, 44.28388 ], [ 9.8064, 44.28276 ], [ 9.76949, 44.30221 ], [ 9.75311, 44.32273 ], [ 9.727, 44.33127 ], [ 9.71115, 44.36358 ], [ 9.6867, 44.36594 ], [ 9.7169, 44.38317 ], [ 9.73207, 44.37938 ], [ 9.74417, 44.38227 ], [ 9.75505, 44.39294 ], [ 9.75288, 44.40086 ], [ 9.75806, 44.40712 ], [ 9.79824, 44.44314 ], [ 9.81673, 44.45205 ], [ 9.81967, 44.4661 ], [ 9.85514, 44.47061 ] ], [ [ 10.48129, 44.19045 ], [ 10.4814, 44.18967 ], [ 10.4818, 44.19041 ], [ 10.48129, 44.19045 ] ] ] ] } },
{ "type": "Feature", "properties": { "COD_RIP": 3, "COD_REG": 10, "DEN_REG": "Umbria", "Shape_Leng": 605677.11769800005, "Shape_Area": 8462874577.3599997 }, "geometry": { "type": "MultiPolygon", "coordinates": [ [ [ [ 12.42658, 43.60882 ], [ 12.43425, 43.59999 ], [ 12.43119, 43.59136 ], [ 12.41011, 43.60272 ], [ 12.41721, 43.60857 ], [ 12.42658, 43.60882 ] ] ], [ [ [ 12.37068, 43.61076 ], [ 12.36131, 43.59654 ], [ 12.37082, 43.58646 ], [ 12.36693, 43.57721 ], [ 12.34085, 43.55267 ], [ 12.31979, 43.55317 ], [ 12.31289, 43.54451 ], [ 12.33324, 43.52358 ], [ 12.34968, 43.52178 ], [ 12.36489, 43.53258 ], [ 12.37004, 43.53163 ], [ 12.38635, 43.52043 ], [ 12.38618, 43.51121 ], [ 12.39482, 43.50884 ], [ 12.41651, 43.53361 ], [ 12.43179, 43.53711 ], [ 12.43791, 43.53767 ], [ 12.45907, 43.51614 ], [ 12.47355, 43.51861 ], [ 12.48405, 43.52723 ], [ 12.5122, 43.5126 ], [ 12.56462, 43.45955 ], [ 12.60495, 43.43786 ], [ 12.62306, 43.41905 ], [ 12.64538, 43.43365 ], [ 12.66318, 43.43683 ], [ 12.70881, 43.42584 ], [ 12.71407, 43.44139 ], [ 12.73462, 43.46434 ], [ 12.77191, 43.45707 ], [ 12.77644, 43.45052 ], [ 12.76654, 43.44564 ], [ 12.76556, 43.42712 ], [ 12.78084, 43.41481 ], [ 12.77172, 43.40095 ], [ 12.74718, 43.38904 ], [ 12.77568, 43.34821 ], [ 12.79415, 43.33333 ], [ 12.80243, 43.30471 ], [ 12.79959, 43.29078 ], [ 12.78898, 43.28323 ], [ 12.80368, 43.27126 ], [ 12.8235, 43.26684 ], [ 12.82869, 43.26061 ], [ 12.82575, 43.24848 ], [ 12.8366, 43.21753 ], [ 12.85058, 43.20994 ], [ 12.86369, 43.2093 ], [ 12.86815, 43.18879 ], [ 12.86264, 43.16739 ], [ 12.85189, 43.15392 ], [ 12.83375, 43.14766 ], [ 12.83315, 43.13897 ], [ 12.84319, 43.12227 ], [ 12.85853, 43.12521 ], [ 12.88131, 43.12121 ], [ 12.88499, 43.10046 ], [ 12.89508, 43.09307 ], [ 12.89057, 43.05505 ], [ 12.89379, 43.04534 ], [ 12.9066, 43.0355 ], [ 12.90364, 43.02466 ], [ 12.89762, 43.02466 ], [ 12.88796, 43.0098 ], [ 12.90823, 42.98531 ], [ 12.89582, 42.96459 ], [ 12.92836, 42.95343 ], [ 12.95004, 42.93801 ], [ 12.94933, 42.92996 ], [ 12.9767, 42.9261 ], [ 12.96906, 42.90366 ], [ 12.97611, 42.87011 ], [ 12.99036, 42.87214 ], [ 13.00013, 42.89078 ], [ 12.99698, 42.90327 ], [ 13.00098, 42.90929 ], [ 13.01203, 42.90276 ], [ 13.02495, 42.90257 ], [ 13.05471, 42.91944 ], [ 13.08119, 42.89967 ], [ 13.11012, 42.88983 ], [ 13.1543, 42.83542 ], [ 13.16332, 42.83238 ], [ 13.2108, 42.84148 ], [ 13.22909, 42.85328 ], [ 13.23525, 42.8677 ], [ 13.26374, 42.80773 ], [ 13.24054, 42.76222 ], [ 13.23679, 42.76929 ], [ 13.22157, 42.77272 ], [ 13.19337, 42.75959 ], [ 13.19954, 42.75071 ], [ 13.18767, 42.73564 ], [ 13.19054, 42.70992 ], [ 13.17333, 42.68731 ], [ 13.17947, 42.6834 ], [ 13.17415, 42.66835 ], [ 13.15764, 42.65341 ], [ 13.14655, 42.64699 ], [ 13.13108, 42.65808 ], [ 13.11819, 42.65765 ], [ 13.10904, 42.64189 ], [ 13.0633, 42.62331 ], [ 13.03787, 42.62737 ], [ 13.02428, 42.63904 ], [ 13.0142, 42.62966 ], [ 13.01435, 42.61998 ], [ 13.00432, 42.61524 ], [ 12.9525, 42.61893 ], [ 12.93745, 42.61536 ], [ 12.93012, 42.60288 ], [ 12.89641, 42.61643 ], [ 12.88052, 42.60935 ], [ 12.8792, 42.6009 ], [ 12.89419, 42.57759 ], [ 12.89276, 42.56418 ], [ 12.84783, 42.5528 ], [ 12.82035, 42.53593 ], [ 12.7732, 42.53128 ], [ 12.77354, 42.51309 ], [ 12.72732, 42.50893 ], [ 12.71144, 42.50035 ], [ 12.72043, 42.48549 ], [ 12.74157, 42.47053 ], [ 12.72469, 42.46041 ], [ 12.71055, 42.4635 ], [ 12.69065, 42.44939 ], [ 12.66598, 42.44097 ], [ 12.6495, 42.44331 ], [ 12.64108, 42.4678 ], [ 12.62242, 42.46894 ], [ 12.61481, 42.46511 ], [ 12.61951, 42.45191 ], [ 12.61154, 42.43499 ], [ 12.61396, 42.41348 ], [ 12.57502, 42.38756 ], [ 12.54091, 42.37665 ], [ 12.53, 42.36423 ], [ 12.51772, 42.36913 ], [ 12.51309, 42.38451 ], [ 12.51824, 42.39725 ], [ 12.51113, 42.40357 ], [ 12.49294, 42.3979 ], [ 12.48136, 42.40416 ], [ 12.46812, 42.39761 ], [ 12.44469, 42.39882 ], [ 12.45864, 42.40656 ], [ 12.46036, 42.41628 ], [ 12.46732, 42.4204 ], [ 12.4636, 42.42909 ], [ 12.42227, 42.4216 ], [ 12.41365, 42.4256 ], [ 12.41946, 42.43647 ], [ 12.41388, 42.4424 ], [ 12.41368, 42.45517 ], [ 12.43038, 42.45802 ], [ 12.42757, 42.46521 ], [ 12.41244, 42.46756 ], [ 12.41365, 42.47911 ], [ 12.42644, 42.48814 ], [ 12.42029, 42.49555 ], [ 12.39185, 42.49876 ], [ 12.38535, 42.48916 ], [ 12.35123, 42.47365 ], [ 12.34095, 42.48688 ], [ 12.32537, 42.49476 ], [ 12.31415, 42.48788 ], [ 12.29041, 42.49164 ], [ 12.28951, 42.49471 ], [ 12.30298, 42.49132 ], [ 12.30735, 42.4973 ], [ 12.28979, 42.50897 ], [ 12.27477, 42.50921 ], [ 12.28264, 42.52272 ], [ 12.27435, 42.52405 ], [ 12.26618, 42.53609 ], [ 12.27785, 42.54239 ], [ 12.27504, 42.55991 ], [ 12.23866, 42.57296 ], [ 12.23671, 42.58131 ], [ 12.24756, 42.59669 ], [ 12.24626, 42.60256 ], [ 12.22914, 42.61109 ], [ 12.24267, 42.62921 ], [ 12.22681, 42.6365 ], [ 12.22692, 42.64348 ], [ 12.20434, 42.66046 ], [ 12.16093, 42.67669 ], [ 12.14703, 42.65934 ], [ 12.14164, 42.65706 ], [ 12.13233, 42.66167 ], [ 12.12406, 42.64929 ], [ 12.1172, 42.65097 ], [ 12.10673, 42.66467 ], [ 12.09022, 42.65563 ], [ 12.03443, 42.64562 ], [ 11.97798, 42.67553 ], [ 11.94133, 42.6833 ], [ 11.94876, 42.69601 ], [ 11.9262, 42.70386 ], [ 11.9301, 42.71295 ], [ 11.94915, 42.7274 ], [ 11.96059, 42.72815 ], [ 11.98187, 42.75358 ], [ 11.97945, 42.76398 ], [ 11.92743, 42.78092 ], [ 11.90563, 42.82956 ], [ 11.89497, 42.83467 ], [ 11.89189, 42.84288 ], [ 11.91485, 42.85216 ], [ 11.9305, 42.86972 ], [ 11.95904, 42.87059 ], [ 11.95451, 42.90093 ], [ 11.93673, 42.90346 ], [ 11.93272, 42.9085 ], [ 11.9391, 42.93252 ], [ 11.95208, 42.9497 ], [ 11.94982, 42.97553 ], [ 11.98242, 43.04997 ], [ 11.97369, 43.06324 ], [ 11.95714, 43.06862 ], [ 11.94784, 43.0555 ], [ 11.94083, 43.05298 ], [ 11.93607, 43.05593 ], [ 11.92251, 43.08151 ], [ 11.93073, 43.09339 ], [ 11.91325, 43.12766 ], [ 11.92042, 43.13167 ], [ 11.92498, 43.14925 ], [ 11.98785, 43.18083 ], [ 12.00642, 43.18053 ], [ 12.02335, 43.18726 ], [ 12.03904, 43.22885 ], [ 12.03384, 43.24602 ], [ 12.04332, 43.25071 ], [ 12.0496, 43.25277 ], [ 12.09237, 43.23591 ], [ 12.12105, 43.25495 ], [ 12.14877, 43.25475 ], [ 12.17471, 43.27309 ], [ 12.21006, 43.28273 ], [ 12.22389, 43.2958 ], [ 12.19515, 43.31279 ], [ 12.18443, 43.30209 ], [ 12.17704, 43.28178 ], [ 12.1326, 43.29304 ], [ 12.12683, 43.30818 ], [ 12.13432, 43.31624 ], [ 12.13543, 43.34065 ], [ 12.12482, 43.35801 ], [ 12.10257, 43.37245 ], [ 12.077, 43.36583 ], [ 12.07278, 43.38126 ], [ 12.07731, 43.40214 ], [ 12.07096, 43.405 ], [ 12.0521, 43.39832 ], [ 12.03366, 43.40024 ], [ 12.02521, 43.41557 ], [ 12.05688, 43.43825 ], [ 12.08136, 43.43405 ], [ 12.09658, 43.44565 ], [ 12.10455, 43.46059 ], [ 12.14324, 43.47029 ], [ 12.14101, 43.48207 ], [ 12.0925, 43.50107 ], [ 12.09535, 43.5218 ], [ 12.10888, 43.53254 ], [ 12.14381, 43.53329 ], [ 12.15324, 43.52871 ], [ 12.16266, 43.56137 ], [ 12.20397, 43.60643 ], [ 12.21383, 43.61089 ], [ 12.227, 43.59352 ], [ 12.26146, 43.5889 ], [ 12.28779, 43.59463 ], [ 12.2978, 43.5858 ], [ 12.30618, 43.58934 ], [ 12.31111, 43.59919 ], [ 12.33445, 43.6099 ], [ 12.35135, 43.60814 ], [ 12.35473, 43.61729 ], [ 12.37068, 43.61076 ] ] ] ] } },
{ "type": "Feature", "properties": { "COD_RIP": 3, "COD_REG": 11, "DEN_REG": "Marche", "Shape_Leng": 603152.22538700001, "Shape_Area": 9345527100.2399998 }, "geometry": { "type": "Polygon", "coordinates": [ [ [ 12.75062, 43.96854 ], [ 12.79759, 43.96517 ], [ 12.89159, 43.9237 ], [ 12.90733, 43.923 ], [ 12.9836, 43.86735 ], [ 13.00562, 43.85456 ], [ 13.02069, 43.85224 ], [ 13.129, 43.77677 ], [ 13.25609, 43.69624 ], [ 13.30796, 43.66842 ], [ 13.35577, 43.64803 ], [ 13.37542, 43.64398 ], [ 13.41529, 43.62316 ], [ 13.45711, 43.60992 ], [ 13.48159, 43.60681 ], [ 13.49206, 43.6131 ], [ 13.49525, 43.62254 ], [ 13.50429, 43.61554 ], [ 13.50912, 43.62214 ], [ 13.49971, 43.62549 ], [ 13.4997, 43.63062 ], [ 13.50687, 43.6305 ], [ 13.55169, 43.60289 ], [ 13.57587, 43.56881 ], [ 13.62554, 43.55033 ], [ 13.62387, 43.50222 ], [ 13.66705, 43.4321 ], [ 13.70963, 43.33725 ], [ 13.73591, 43.3078 ], [ 13.77657, 43.23711 ], [ 13.80003, 43.18066 ], [ 13.8433, 43.10242 ], [ 13.85126, 43.05858 ], [ 13.87859, 42.97218 ], [ 13.91621, 42.89459 ], [ 13.88087, 42.89192 ], [ 13.82206, 42.87967 ], [ 13.80082, 42.86727 ], [ 13.77408, 42.85949 ], [ 13.72187, 42.85448 ], [ 13.71021, 42.85037 ], [ 13.6993, 42.82262 ], [ 13.66287, 42.80705 ], [ 13.63552, 42.8033 ], [ 13.62796, 42.80806 ], [ 13.62781, 42.81417 ], [ 13.61961, 42.81467 ], [ 13.60007, 42.80635 ], [ 13.56977, 42.80163 ], [ 13.55503, 42.8044 ], [ 13.54365, 42.81695 ], [ 13.53452, 42.81666 ], [ 13.52973, 42.79599 ], [ 13.51687, 42.78945 ], [ 13.50239, 42.76986 ], [ 13.504, 42.75047 ], [ 13.49344, 42.73662 ], [ 13.48236, 42.73209 ], [ 13.44757, 42.73184 ], [ 13.43801, 42.71755 ], [ 13.43757, 42.6992 ], [ 13.4274, 42.70643 ], [ 13.38998, 42.68716 ], [ 13.34194, 42.70147 ], [ 13.31845, 42.72339 ], [ 13.29457, 42.73061 ], [ 13.28413, 42.73984 ], [ 13.2645, 42.74018 ], [ 13.25415, 42.72145 ], [ 13.18758, 42.73369 ], [ 13.19924, 42.74866 ], [ 13.19514, 42.76191 ], [ 13.2088, 42.7639 ], [ 13.22157, 42.77272 ], [ 13.23679, 42.76929 ], [ 13.23855, 42.76093 ], [ 13.24126, 42.76274 ], [ 13.26374, 42.80773 ], [ 13.23525, 42.8677 ], [ 13.22909, 42.85328 ], [ 13.2108, 42.84148 ], [ 13.16332, 42.83238 ], [ 13.1543, 42.83542 ], [ 13.11012, 42.88983 ], [ 13.08119, 42.89967 ], [ 13.05228, 42.91955 ], [ 13.02495, 42.90257 ], [ 13.01203, 42.90276 ], [ 13.00098, 42.90929 ], [ 12.99698, 42.90327 ], [ 13.00013, 42.89078 ], [ 12.99036, 42.87214 ], [ 12.97611, 42.87011 ], [ 12.96906, 42.90366 ], [ 12.9767, 42.9261 ], [ 12.94933, 42.92996 ], [ 12.95004, 42.93801 ], [ 12.92836, 42.95343 ], [ 12.89582, 42.96459 ], [ 12.90823, 42.98531 ], [ 12.88797, 43.01068 ], [ 12.89762, 43.02466 ], [ 12.90364, 43.02466 ], [ 12.9066, 43.0355 ], [ 12.89204, 43.04804 ], [ 12.89627, 43.08945 ], [ 12.88499, 43.10046 ], [ 12.88262, 43.11943 ], [ 12.85853, 43.12521 ], [ 12.843, 43.12234 ], [ 12.83315, 43.13897 ], [ 12.83375, 43.14766 ], [ 12.85189, 43.15392 ], [ 12.86264, 43.16739 ], [ 12.8682, 43.19506 ], [ 12.86234, 43.21125 ], [ 12.85058, 43.20994 ], [ 12.8366, 43.21753 ], [ 12.8235, 43.26684 ], [ 12.80368, 43.27126 ], [ 12.78898, 43.28323 ], [ 12.79959, 43.29078 ], [ 12.80243, 43.30471 ], [ 12.79415, 43.33333 ], [ 12.77568, 43.34821 ], [ 12.74961, 43.38088 ], [ 12.74718, 43.38904 ], [ 12.77172, 43.40095 ], [ 12.78084, 43.41481 ], [ 12.76556, 43.42712 ], [ 12.76654, 43.44564 ], [ 12.77644, 43.45052 ], [ 12.77191, 43.45707 ], [ 12.73462, 43.46434 ], [ 12.71407, 43.44139 ], [ 12.70881, 43.42584 ], [ 12.66318, 43.43683 ], [ 12.64538, 43.43365 ], [ 12.62892, 43.42232 ], [ 12.62117, 43.41941 ], [ 12.62228, 43.42438 ], [ 12.60866, 43.43524 ], [ 12.56462, 43.45955 ], [ 12.5122, 43.5126 ], [ 12.48405, 43.52723 ], [ 12.47355, 43.51861 ], [ 12.45907, 43.51614 ], [ 12.43791, 43.53767 ], [ 12.43179, 43.53711 ], [ 12.41651, 43.53361 ], [ 12.39482, 43.50884 ], [ 12.38618, 43.51121 ], [ 12.38635, 43.52043 ], [ 12.37004, 43.53163 ], [ 12.36489, 43.53258 ], [ 12.34968, 43.52178 ], [ 12.33324, 43.52358 ], [ 12.31289, 43.54451 ], [ 12.31979, 43.55317 ], [ 12.34085, 43.55267 ], [ 12.36693, 43.57721 ], [ 12.37082, 43.58646 ], [ 12.36131, 43.59654 ], [ 12.37068, 43.61076 ], [ 12.35473, 43.61729 ], [ 12.35135, 43.60814 ], [ 12.33445, 43.6099 ], [ 12.31111, 43.59919 ], [ 12.29911, 43.58592 ], [ 12.29241, 43.58649 ], [ 12.28779, 43.59463 ], [ 12.26146, 43.5889 ], [ 12.227, 43.59352 ], [ 12.20958, 43.62127 ], [ 12.18967, 43.63288 ], [ 12.18545, 43.6411 ], [ 12.1976, 43.64795 ], [ 12.23124, 43.65514 ], [ 12.24916, 43.66845 ], [ 12.2496, 43.68036 ], [ 12.27435, 43.67664 ], [ 12.29335, 43.68461 ], [ 12.30262, 43.69522 ], [ 12.30113, 43.72021 ], [ 12.30832, 43.73018 ], [ 12.31998, 43.68763 ], [ 12.31681, 43.67767 ], [ 12.33055, 43.67383 ], [ 12.33571, 43.67891 ], [ 12.33005, 43.70653 ], [ 12.3457, 43.70899 ], [ 12.35732, 43.70202 ], [ 12.36948, 43.70656 ], [ 12.37004, 43.71301 ], [ 12.33747, 43.73708 ], [ 12.32707, 43.75101 ], [ 12.28378, 43.76492 ], [ 12.28907, 43.78595 ], [ 12.28277, 43.7897 ], [ 12.2862, 43.79486 ], [ 12.31589, 43.80564 ], [ 12.34979, 43.7996 ], [ 12.3683, 43.81289 ], [ 12.38776, 43.81643 ], [ 12.39854, 43.82636 ], [ 12.39147, 43.84699 ], [ 12.40529, 43.87613 ], [ 12.44581, 43.87125 ], [ 12.45555, 43.87837 ], [ 12.46239, 43.89377 ], [ 12.4874, 43.89647 ], [ 12.48731, 43.88642 ], [ 12.4952, 43.87729 ], [ 12.50067, 43.87454 ], [ 12.51817, 43.88104 ], [ 12.52199, 43.87363 ], [ 12.54295, 43.86452 ], [ 12.56207, 43.86955 ], [ 12.57245, 43.88486 ], [ 12.58828, 43.88511 ], [ 12.59288, 43.87304 ], [ 12.58936, 43.86525 ], [ 12.60295, 43.86224 ], [ 12.601, 43.85051 ], [ 12.60559, 43.84526 ], [ 12.61944, 43.84434 ], [ 12.61001, 43.83656 ], [ 12.61406, 43.82742 ], [ 12.6243, 43.82105 ], [ 12.64446, 43.82689 ], [ 12.67257, 43.82356 ], [ 12.6802, 43.82749 ], [ 12.68174, 43.85073 ], [ 12.724, 43.86138 ], [ 12.73399, 43.87026 ], [ 12.72373, 43.88198 ], [ 12.73483, 43.89602 ], [ 12.72869, 43.92166 ], [ 12.74693, 43.94701 ], [ 12.75062, 43.96854 ] ], [ [ 12.41011, 43.60272 ], [ 12.42572, 43.59175 ], [ 12.43318, 43.59229 ], [ 12.42869, 43.60809 ], [ 12.41721, 43.60857 ], [ 12.41011, 43.60272 ] ] ] } },
{ "type": "Feature", "properties": { "COD_RIP": 3, "COD_REG": 12, "DEN_REG": "Lazio", "Shape_Leng": 1040961.10149, "Shape_Area": 17237757925.0 }, "geometry": { "type": "MultiPolygon", "coordinates": [ [ [ [ 13.45125, 40.79159 ], [ 13.45809, 40.78841 ], [ 13.4511, 40.78764 ], [ 13.45125, 40.79159 ] ] ], [ [ [ 13.43447, 40.79504 ], [ 13.43473, 40.79449 ], [ 13.43432, 40.79482 ], [ 13.43447, 40.79504 ] ] ], [ [ [ 13.43183, 40.80309 ], [ 13.43536, 40.79714 ], [ 13.43114, 40.79245 ], [ 13.40801, 40.7851 ], [ 13.43183, 40.80309 ] ] ], [ [ [ 13.10346, 40.83933 ], [ 13.10419, 40.83909 ], [ 13.10429, 40.83871 ], [ 13.10346, 40.83933 ] ] ], [ [ [ 12.9666, 40.88356 ], [ 12.96573, 40.88306 ], [ 12.96575, 40.88362 ], [ 12.9666, 40.88356 ] ] ], [ [ [ 12.96452, 40.88445 ], [ 12.96582, 40.88496 ], [ 12.96565, 40.884 ], [ 12.96452, 40.88445 ] ] ], [ [ [ 12.9455, 40.91277 ], [ 12.94684, 40.91231 ], [ 12.94511, 40.91228 ], [ 12.9455, 40.91277 ] ] ], [ [ [ 12.94419, 40.91408 ], [ 12.94469, 40.91266 ], [ 12.94307, 40.91289 ], [ 12.94419, 40.91408 ] ] ], [ [ [ 12.85112, 40.92116 ], [ 12.85096, 40.92029 ], [ 12.85062, 40.92135 ], [ 12.85112, 40.92116 ] ] ], [ [ [ 12.84656, 40.92198 ], [ 12.84695, 40.92124 ], [ 12.84654, 40.9212 ], [ 12.84656, 40.92198 ] ] ], [ [ [ 12.84787, 40.92177 ], [ 12.84982, 40.9215 ], [ 12.84853, 40.91983 ], [ 12.84787, 40.92177 ] ] ], [ [ [ 12.84745, 40.92511 ], [ 12.84942, 40.92341 ], [ 12.84739, 40.9226 ], [ 12.84745, 40.92511 ] ] ], [ [ [ 12.98497, 40.93541 ], [ 12.99554, 40.93245 ], [ 12.96884, 40.92219 ], [ 12.96033, 40.89814 ], [ 12.96924, 40.8939 ], [ 12.95403, 40.87758 ], [ 12.94767, 40.88703 ], [ 12.95414, 40.89493 ], [ 12.94293, 40.89721 ], [ 12.94362, 40.90565 ], [ 12.94746, 40.9103 ], [ 12.9483, 40.91862 ], [ 12.96654, 40.92341 ], [ 12.96629, 40.92826 ], [ 12.98497, 40.93541 ] ] ], [ [ [ 13.00243, 40.93743 ], [ 13.00029, 40.93272 ], [ 12.99692, 40.9336 ], [ 13.00243, 40.93743 ] ] ], [ [ [ 12.85325, 40.94291 ], [ 12.8518, 40.94248 ], [ 12.85258, 40.94349 ], [ 12.85325, 40.94291 ] ] ], [ [ [ 12.84967, 40.94359 ], [ 12.85062, 40.94265 ], [ 12.84979, 40.94265 ], [ 12.84967, 40.94359 ] ] ], [ [ [ 12.8603, 40.94506 ], [ 12.85981, 40.94497 ], [ 12.86022, 40.94528 ], [ 12.8603, 40.94506 ] ] ], [ [ [ 12.84992, 40.94808 ], [ 12.84981, 40.94773 ], [ 12.84946, 40.94799 ], [ 12.84992, 40.94808 ] ] ], [ [ [ 12.85424, 40.94961 ], [ 12.85876, 40.94818 ], [ 12.86155, 40.92923 ], [ 12.85301, 40.92613 ], [ 12.85424, 40.94961 ] ] ], [ [ [ 13.05492, 40.97385 ], [ 13.06286, 40.96621 ], [ 13.04844, 40.96506 ], [ 13.04597, 40.96986 ], [ 13.05492, 40.97385 ] ] ], [ [ [ 11.84744, 42.83766 ], [ 11.90394, 42.83215 ], [ 11.92743, 42.78092 ], [ 11.97945, 42.76398 ], [ 11.98187, 42.75358 ], [ 11.96059, 42.72815 ], [ 11.94915, 42.7274 ], [ 11.9301, 42.71295 ], [ 11.9262, 42.70386 ], [ 11.94876, 42.69601 ], [ 11.94133, 42.6833 ], [ 11.97798, 42.67553 ], [ 12.03443, 42.64562 ], [ 12.09022, 42.65563 ], [ 12.10673, 42.66467 ], [ 12.1172, 42.65097 ], [ 12.12406, 42.64929 ], [ 12.13233, 42.66167 ], [ 12.14164, 42.65706 ], [ 12.14703, 42.65934 ], [ 12.16093, 42.67669 ], [ 12.20434, 42.66046 ], [ 12.22692, 42.64348 ], [ 12.22681, 42.6365 ], [ 12.24267, 42.62921 ], [ 12.22914, 42.61109 ], [ 12.24626, 42.60256 ], [ 12.24756, 42.59669 ], [ 12.23671, 42.58131 ], [ 12.23866, 42.57296 ], [ 12.27504, 42.55991 ], [ 12.27785, 42.54239 ], [ 12.26618, 42.53609 ], [ 12.27435, 42.52405 ], [ 12.28264, 42.52272 ], [ 12.27477, 42.50921 ], [ 12.28979, 42.50897 ], [ 12.30735, 42.4973 ], [ 12.30298, 42.49132 ], [ 12.28951, 42.49471 ], [ 12.29041, 42.49164 ], [ 12.31415, 42.48788 ], [ 12.32537, 42.49476 ], [ 12.34095, 42.48688 ], [ 12.35123, 42.47365 ], [ 12.38535, 42.48916 ], [ 12.39185, 42.49876 ], [ 12.42029, 42.49555 ], [ 12.42644, 42.48814 ], [ 12.41365, 42.47911 ], [ 12.41244, 42.46756 ], [ 12.42757, 42.46521 ], [ 12.43038, 42.45802 ], [ 12.41368, 42.45517 ], [ 12.41388, 42.4424 ], [ 12.41946, 42.43647 ], [ 12.41365, 42.4256 ], [ 12.42227, 42.4216 ], [ 12.4636, 42.42909 ], [ 12.46732, 42.4204 ], [ 12.46036, 42.41628 ], [ 12.45864, 42.40656 ], [ 12.44469, 42.39882 ], [ 12.45089, 42.39662 ], [ 12.46812, 42.39761 ], [ 12.48032, 42.40405 ], [ 12.49113, 42.39783 ], [ 12.51113, 42.40357 ], [ 12.51824, 42.39725 ], [ 12.5134, 42.39282 ], [ 12.5141, 42.37766 ], [ 12.52634, 42.3641 ], [ 12.54091, 42.37665 ], [ 12.57502, 42.38756 ], [ 12.61396, 42.41348 ], [ 12.61154, 42.43499 ], [ 12.61951, 42.45191 ], [ 12.61481, 42.46511 ], [ 12.62242, 42.46894 ], [ 12.64108, 42.4678 ], [ 12.6495, 42.44331 ], [ 12.66598, 42.44097 ], [ 12.69065, 42.44939 ], [ 12.71055, 42.4635 ], [ 12.72469, 42.46041 ], [ 12.74157, 42.47053 ], [ 12.72043, 42.48549 ], [ 12.71144, 42.50035 ], [ 12.72732, 42.50893 ], [ 12.77354, 42.51309 ], [ 12.7732, 42.53128 ], [ 12.82035, 42.53593 ], [ 12.84783, 42.5528 ], [ 12.89276, 42.56418 ], [ 12.89419, 42.57759 ], [ 12.8792, 42.6009 ], [ 12.88052, 42.60935 ], [ 12.88962, 42.61351 ], [ 12.89719, 42.61631 ], [ 12.93012, 42.60288 ], [ 12.93745, 42.61536 ], [ 12.9525, 42.61893 ], [ 13.01122, 42.61711 ], [ 13.0142, 42.62966 ], [ 13.02428, 42.63904 ], [ 13.03787, 42.62737 ], [ 13.05857, 42.62284 ], [ 13.10904, 42.64189 ], [ 13.11819, 42.65765 ], [ 13.13108, 42.65808 ], [ 13.14655, 42.64699 ], [ 13.17415, 42.66835 ], [ 13.17947, 42.6834 ], [ 13.17333, 42.68731 ], [ 13.19071, 42.71044 ], [ 13.18921, 42.73359 ], [ 13.25415, 42.72145 ], [ 13.2645, 42.74018 ], [ 13.28413, 42.73984 ], [ 13.29457, 42.73061 ], [ 13.31845, 42.72339 ], [ 13.34194, 42.70147 ], [ 13.35776, 42.6941 ], [ 13.34879, 42.66861 ], [ 13.37244, 42.64924 ], [ 13.40201, 42.64556 ], [ 13.40962, 42.63968 ], [ 13.4054, 42.62832 ], [ 13.3945, 42.61934 ], [ 13.38947, 42.58844 ], [ 13.38178, 42.58101 ], [ 13.34462, 42.5758 ], [ 13.32168, 42.57863 ], [ 13.29328, 42.56954 ], [ 13.27936, 42.58326 ], [ 13.25333, 42.58118 ], [ 13.24594, 42.57271 ], [ 13.22539, 42.58272 ], [ 13.19136, 42.58752 ], [ 13.19227, 42.57797 ], [ 13.17427, 42.56751 ], [ 13.17351, 42.54545 ], [ 13.15879, 42.54 ], [ 13.15981, 42.52336 ], [ 13.16688, 42.51554 ], [ 13.17777, 42.51264 ], [ 13.17141, 42.48512 ], [ 13.17842, 42.47934 ], [ 13.15405, 42.46233 ], [ 13.13997, 42.46272 ], [ 13.11617, 42.44391 ], [ 13.13865, 42.43131 ], [ 13.15517, 42.41422 ], [ 13.18873, 42.4007 ], [ 13.19416, 42.38919 ], [ 13.1894, 42.38111 ], [ 13.15338, 42.35702 ], [ 13.19135, 42.33233 ], [ 13.2261, 42.31928 ], [ 13.23022, 42.28535 ], [ 13.2391, 42.27105 ], [ 13.26982, 42.25506 ], [ 13.28282, 42.23693 ], [ 13.29722, 42.23108 ], [ 13.31994, 42.22964 ], [ 13.33306, 42.22276 ], [ 13.33867, 42.21547 ], [ 13.33189, 42.20818 ], [ 13.34147, 42.19841 ], [ 13.35203, 42.19145 ], [ 13.3738, 42.18745 ], [ 13.37989, 42.18045 ], [ 13.34237, 42.17681 ], [ 13.35396, 42.16672 ], [ 13.32727, 42.16386 ], [ 13.32272, 42.16104 ], [ 13.32832, 42.15468 ], [ 13.31748, 42.15365 ], [ 13.30529, 42.13826 ], [ 13.2849, 42.13428 ], [ 13.26951, 42.13755 ], [ 13.24878, 42.12743 ], [ 13.23734, 42.12912 ], [ 13.22335, 42.14334 ], [ 13.2057, 42.14844 ], [ 13.19541, 42.15779 ], [ 13.18328, 42.15888 ], [ 13.16971, 42.15071 ], [ 13.11989, 42.1767 ], [ 13.08759, 42.17817 ], [ 13.09374, 42.1593 ], [ 13.07165, 42.13102 ], [ 13.039, 42.11739 ], [ 13.03078, 42.1221 ], [ 13.03193, 42.10585 ], [ 13.01891, 42.07578 ], [ 13.02662, 42.05003 ], [ 13.04648, 42.03532 ], [ 13.05453, 42.01637 ], [ 13.0778, 42.0094 ], [ 13.10102, 42.00799 ], [ 13.09661, 42.02195 ], [ 13.09849, 42.02616 ], [ 13.10497, 42.026 ], [ 13.14697, 42.01197 ], [ 13.19955, 41.98639 ], [ 13.22666, 41.9835 ], [ 13.24169, 41.97183 ], [ 13.26542, 41.96676 ], [ 13.28722, 41.94989 ], [ 13.29627, 41.94861 ], [ 13.29854, 41.95428 ], [ 13.30627, 41.95473 ], [ 13.3455, 41.92218 ], [ 13.36437, 41.92475 ], [ 13.38399, 41.90419 ], [ 13.35898, 41.86931 ], [ 13.36728, 41.86333 ], [ 13.36736, 41.8347 ], [ 13.37952, 41.81746 ], [ 13.39099, 41.81927 ], [ 13.3963, 41.83403 ], [ 13.40663, 41.83753 ], [ 13.4169, 41.83467 ], [ 13.45155, 41.82282 ], [ 13.47116, 41.80625 ], [ 13.50508, 41.8016 ], [ 13.52805, 41.77041 ], [ 13.54532, 41.76236 ], [ 13.56142, 41.76148 ], [ 13.57182, 41.7543 ], [ 13.5861, 41.76643 ], [ 13.63127, 41.78265 ], [ 13.64276, 41.79218 ], [ 13.63787, 41.80372 ], [ 13.64893, 41.81094 ], [ 13.67417, 41.80721 ], [ 13.69271, 41.79152 ], [ 13.70555, 41.78747 ], [ 13.71706, 41.79768 ], [ 13.72757, 41.79786 ], [ 13.7467, 41.77477 ], [ 13.74946, 41.76059 ], [ 13.76717, 41.74887 ], [ 13.79014, 41.74297 ], [ 13.8121, 41.7542 ], [ 13.82762, 41.73918 ], [ 13.84481, 41.73817 ], [ 13.85725, 41.73106 ], [ 13.87922, 41.72871 ], [ 13.88925, 41.73275 ], [ 13.89837, 41.72959 ], [ 13.90446, 41.71819 ], [ 13.91931, 41.71786 ], [ 13.93287, 41.69305 ], [ 13.96791, 41.67316 ], [ 13.98345, 41.65873 ], [ 14.00999, 41.60397 ], [ 14.01017, 41.59256 ], [ 13.99816, 41.57977 ], [ 13.99974, 41.57383 ], [ 14.00411, 41.56655 ], [ 14.02377, 41.5607 ], [ 14.02596, 41.55567 ], [ 14.0207, 41.54236 ], [ 14.00526, 41.53875 ], [ 14.02322, 41.52681 ], [ 14.02265, 41.52196 ], [ 14.01054, 41.51479 ], [ 13.99473, 41.51292 ], [ 13.97519, 41.49671 ], [ 13.97529, 41.49211 ], [ 13.99153, 41.48128 ], [ 13.97791, 41.46249 ], [ 13.96123, 41.46394 ], [ 13.90394, 41.4256 ], [ 13.87657, 41.42622 ], [ 13.86123, 41.41763 ], [ 13.86378, 41.40896 ], [ 13.88542, 41.39981 ], [ 13.87558, 41.3961 ], [ 13.88414, 41.38325 ], [ 13.87445, 41.37613 ], [ 13.87075, 41.36468 ], [ 13.87322, 41.33683 ], [ 13.89474, 41.31054 ], [ 13.88403, 41.29172 ], [ 13.85106, 41.28957 ], [ 13.82842, 41.27692 ], [ 13.83074, 41.26641 ], [ 13.83999, 41.26237 ], [ 13.83362, 41.25503 ], [ 13.81504, 41.24455 ], [ 13.77827, 41.24348 ], [ 13.76211, 41.2226 ], [ 13.70596, 41.25371 ], [ 13.68195, 41.24413 ], [ 13.65127, 41.2571 ], [ 13.62017, 41.26016 ], [ 13.574, 41.24036 ], [ 13.57123, 41.21782 ], [ 13.58946, 41.20994 ], [ 13.57014, 41.20411 ], [ 13.55966, 41.21064 ], [ 13.5456, 41.2094 ], [ 13.51831, 41.22468 ], [ 13.50329, 41.22133 ], [ 13.50419, 41.2253 ], [ 13.48532, 41.23745 ], [ 13.46353, 41.24037 ], [ 13.44418, 41.25302 ], [ 13.37449, 41.2813 ], [ 13.32209, 41.29381 ], [ 13.28128, 41.29715 ], [ 13.26605, 41.29448 ], [ 13.25756, 41.28295 ], [ 13.20995, 41.28359 ], [ 13.17185, 41.27514 ], [ 13.11574, 41.24792 ], [ 13.09365, 41.22529 ], [ 13.07295, 41.22255 ], [ 13.04537, 41.22696 ], [ 13.03475, 41.24029 ], [ 13.02329, 41.27522 ], [ 12.99857, 41.31372 ], [ 12.97034, 41.34553 ], [ 12.93066, 41.37468 ], [ 12.88057, 41.4013 ], [ 12.84792, 41.41304 ], [ 12.78243, 41.41788 ], [ 12.76384, 41.41043 ], [ 12.71315, 41.44104 ], [ 12.68438, 41.45296 ], [ 12.65205, 41.45509 ], [ 12.6221, 41.44382 ], [ 12.54895, 41.5379 ], [ 12.43956, 41.6384 ], [ 12.37872, 41.68048 ], [ 12.32097, 41.71075 ], [ 12.23449, 41.73969 ], [ 12.24143, 41.74304 ], [ 12.23112, 41.74081 ], [ 12.22233, 41.74437 ], [ 12.21933, 41.75137 ], [ 12.2244, 41.74456 ], [ 12.2291, 41.75121 ], [ 12.22049, 41.76839 ], [ 12.22374, 41.78303 ], [ 12.19948, 41.83788 ], [ 12.16335, 41.89167 ], [ 12.13049, 41.9225 ], [ 12.05169, 41.95568 ], [ 12.02189, 41.98392 ], [ 11.97881, 41.99692 ], [ 11.96389, 42.01426 ], [ 11.9146, 42.0393 ], [ 11.8785, 42.03775 ], [ 11.83451, 42.02921 ], [ 11.81283, 42.06012 ], [ 11.80691, 42.07991 ], [ 11.77854, 42.09322 ], [ 11.76931, 42.10158 ], [ 11.78583, 42.09054 ], [ 11.79018, 42.09229 ], [ 11.7602, 42.11171 ], [ 11.76324, 42.12243 ], [ 11.75479, 42.12586 ], [ 11.74291, 42.14962 ], [ 11.73389, 42.15639 ], [ 11.73934, 42.17087 ], [ 11.72084, 42.18922 ], [ 11.69689, 42.23229 ], [ 11.66373, 42.2692 ], [ 11.63271, 42.29458 ], [ 11.56241, 42.33505 ], [ 11.44985, 42.37754 ], [ 11.45081, 42.39505 ], [ 11.47685, 42.41405 ], [ 11.48103, 42.4336 ], [ 11.48889, 42.43937 ], [ 11.51658, 42.43356 ], [ 11.54428, 42.44216 ], [ 11.61773, 42.43609 ], [ 11.61629, 42.48848 ], [ 11.59283, 42.49537 ], [ 11.58442, 42.50667 ], [ 11.56086, 42.51703 ], [ 11.57012, 42.53449 ], [ 11.58584, 42.54176 ], [ 11.57916, 42.56803 ], [ 11.58924, 42.5714 ], [ 11.6046, 42.56808 ], [ 11.61401, 42.55723 ], [ 11.62548, 42.56925 ], [ 11.64376, 42.5667 ], [ 11.65842, 42.57704 ], [ 11.68174, 42.58181 ], [ 11.68578, 42.58483 ], [ 11.67985, 42.59525 ], [ 11.70042, 42.60137 ], [ 11.71029, 42.61002 ], [ 11.72599, 42.61093 ], [ 11.72741, 42.60637 ], [ 11.73597, 42.60666 ], [ 11.75183, 42.6256 ], [ 11.74976, 42.63965 ], [ 11.78019, 42.63474 ], [ 11.80495, 42.64499 ], [ 11.80894, 42.65867 ], [ 11.79994, 42.66845 ], [ 11.78516, 42.67219 ], [ 11.77996, 42.70535 ], [ 11.80156, 42.70719 ], [ 11.81755, 42.74565 ], [ 11.80864, 42.75317 ], [ 11.77942, 42.75802 ], [ 11.77694, 42.767 ], [ 11.76297, 42.77987 ], [ 11.74602, 42.78576 ], [ 11.7685, 42.81996 ], [ 11.78704, 42.81529 ], [ 11.80685, 42.79486 ], [ 11.8137, 42.82267 ], [ 11.83287, 42.82741 ], [ 11.84744, 42.83766 ] ], [ [ 12.45805, 41.9014 ], [ 12.4505, 41.90651 ], [ 12.44655, 41.90163 ], [ 12.45805, 41.9014 ] ], [ [ 12.64926, 41.7489 ], [ 12.65524, 41.73434 ], [ 12.66086, 41.73562 ], [ 12.64926, 41.7489 ] ] ] ] } },
{ "type": "Feature", "properties": { "COD_RIP": 4, "COD_REG": 13, "DEN_REG": "Abruzzo", "Shape_Leng": 604984.09586500004, "Shape_Area": 10830616460.799999 }, "geometry": { "type": "Polygon", "coordinates": [ [ [ 13.92098, 42.89242 ], [ 13.94245, 42.80902 ], [ 13.99236, 42.71436 ], [ 14.0626, 42.61739 ], [ 14.10939, 42.56323 ], [ 14.18679, 42.49331 ], [ 14.21913, 42.47047 ], [ 14.22934, 42.4689 ], [ 14.23575, 42.45865 ], [ 14.26068, 42.44037 ], [ 14.31983, 42.4055 ], [ 14.39098, 42.37256 ], [ 14.3994, 42.36323 ], [ 14.42095, 42.35542 ], [ 14.42349, 42.35125 ], [ 14.41161, 42.35701 ], [ 14.41015, 42.34788 ], [ 14.42911, 42.32317 ], [ 14.4995, 42.27367 ], [ 14.50117, 42.26051 ], [ 14.5096, 42.25155 ], [ 14.62079, 42.19927 ], [ 14.69584, 42.17558 ], [ 14.70889, 42.17387 ], [ 14.71279, 42.17693 ], [ 14.72244, 42.12939 ], [ 14.71827, 42.10577 ], [ 14.74407, 42.08464 ], [ 14.77917, 42.07025 ], [ 14.7623, 42.0446 ], [ 14.78301, 42.03379 ], [ 14.76616, 42.01845 ], [ 14.73063, 42.00507 ], [ 14.71752, 41.99443 ], [ 14.66864, 41.94663 ], [ 14.66435, 41.91755 ], [ 14.64165, 41.9004 ], [ 14.61424, 41.88919 ], [ 14.59771, 41.85104 ], [ 14.5847, 41.84208 ], [ 14.56987, 41.82024 ], [ 14.54973, 41.8153 ], [ 14.53318, 41.79993 ], [ 14.52999, 41.78833 ], [ 14.49871, 41.77226 ], [ 14.48955, 41.76097 ], [ 14.45479, 41.76336 ], [ 14.46442, 41.77701 ], [ 14.44233, 41.84126 ], [ 14.43369, 41.84152 ], [ 14.39745, 41.86974 ], [ 14.37887, 41.86587 ], [ 14.37668, 41.87993 ], [ 14.36138, 41.8746 ], [ 14.36447, 41.86884 ], [ 14.35855, 41.86065 ], [ 14.34338, 41.86254 ], [ 14.32579, 41.89052 ], [ 14.31924, 41.89472 ], [ 14.30398, 41.89339 ], [ 14.28391, 41.91065 ], [ 14.22592, 41.87467 ], [ 14.21865, 41.85731 ], [ 14.19651, 41.84857 ], [ 14.19814, 41.84251 ], [ 14.18856, 41.84185 ], [ 14.18355, 41.84771 ], [ 14.15583, 41.83708 ], [ 14.14802, 41.82605 ], [ 14.16477, 41.80726 ], [ 14.17146, 41.77844 ], [ 14.1768, 41.77372 ], [ 14.19345, 41.77348 ], [ 14.20191, 41.76699 ], [ 14.19411, 41.74929 ], [ 14.17871, 41.74921 ], [ 14.17183, 41.76577 ], [ 14.15944, 41.7478 ], [ 14.12072, 41.74518 ], [ 14.11543, 41.73545 ], [ 14.12328, 41.72607 ], [ 14.1072, 41.70736 ], [ 14.09456, 41.73783 ], [ 14.07143, 41.73685 ], [ 14.05322, 41.71932 ], [ 14.05325, 41.7017 ], [ 14.0319, 41.70206 ], [ 14.02419, 41.69713 ], [ 14.01873, 41.68211 ], [ 13.98309, 41.69481 ], [ 13.95554, 41.69554 ], [ 13.94102, 41.68797 ], [ 13.93287, 41.69305 ], [ 13.91931, 41.71786 ], [ 13.90446, 41.71819 ], [ 13.89837, 41.72959 ], [ 13.88925, 41.73275 ], [ 13.87922, 41.72871 ], [ 13.85725, 41.73106 ], [ 13.84481, 41.73817 ], [ 13.82762, 41.73918 ], [ 13.81254, 41.75414 ], [ 13.79014, 41.74297 ], [ 13.76717, 41.74887 ], [ 13.74946, 41.76059 ], [ 13.7467, 41.77477 ], [ 13.72757, 41.79786 ], [ 13.71706, 41.79768 ], [ 13.70555, 41.78747 ], [ 13.69271, 41.79152 ], [ 13.67417, 41.80721 ], [ 13.64893, 41.81094 ], [ 13.63787, 41.80372 ], [ 13.64276, 41.79218 ], [ 13.63127, 41.78265 ], [ 13.5861, 41.76643 ], [ 13.57182, 41.7543 ], [ 13.56142, 41.76148 ], [ 13.54532, 41.76236 ], [ 13.52805, 41.77041 ], [ 13.50508, 41.8016 ], [ 13.47116, 41.80625 ], [ 13.45155, 41.82282 ], [ 13.4169, 41.83467 ], [ 13.40663, 41.83753 ], [ 13.3963, 41.83403 ], [ 13.39099, 41.81927 ], [ 13.37952, 41.81746 ], [ 13.36736, 41.8347 ], [ 13.36728, 41.86333 ], [ 13.35898, 41.86931 ], [ 13.38399, 41.90419 ], [ 13.36525, 41.92413 ], [ 13.3455, 41.92218 ], [ 13.30627, 41.95473 ], [ 13.29854, 41.95428 ], [ 13.29627, 41.94861 ], [ 13.28722, 41.94989 ], [ 13.26542, 41.96676 ], [ 13.24169, 41.97183 ], [ 13.22666, 41.9835 ], [ 13.19955, 41.98639 ], [ 13.14697, 42.01197 ], [ 13.10497, 42.026 ], [ 13.09849, 42.02616 ], [ 13.09661, 42.02195 ], [ 13.10102, 42.00799 ], [ 13.0778, 42.0094 ], [ 13.05453, 42.01637 ], [ 13.04648, 42.03532 ], [ 13.02662, 42.05003 ], [ 13.01896, 42.07398 ], [ 13.03193, 42.10585 ], [ 13.03078, 42.1221 ], [ 13.039, 42.11739 ], [ 13.07165, 42.13102 ], [ 13.09374, 42.1593 ], [ 13.08759, 42.17817 ], [ 13.11989, 42.1767 ], [ 13.16971, 42.15071 ], [ 13.18328, 42.15888 ], [ 13.19541, 42.15779 ], [ 13.2057, 42.14844 ], [ 13.22335, 42.14334 ], [ 13.23734, 42.12912 ], [ 13.24878, 42.12743 ], [ 13.26951, 42.13755 ], [ 13.2849, 42.13428 ], [ 13.30529, 42.13826 ], [ 13.31748, 42.15365 ], [ 13.32832, 42.15468 ], [ 13.32272, 42.16104 ], [ 13.32727, 42.16386 ], [ 13.35396, 42.16672 ], [ 13.34237, 42.17681 ], [ 13.37989, 42.18045 ], [ 13.3738, 42.18745 ], [ 13.35203, 42.19145 ], [ 13.34147, 42.19841 ], [ 13.33189, 42.20818 ], [ 13.33867, 42.21547 ], [ 13.33306, 42.22276 ], [ 13.31994, 42.22964 ], [ 13.29238, 42.23237 ], [ 13.27666, 42.24167 ], [ 13.26982, 42.25506 ], [ 13.2361, 42.2744 ], [ 13.2261, 42.31928 ], [ 13.19135, 42.33233 ], [ 13.15338, 42.35702 ], [ 13.1894, 42.38111 ], [ 13.19416, 42.38919 ], [ 13.1855, 42.40398 ], [ 13.15517, 42.41422 ], [ 13.13865, 42.43131 ], [ 13.11617, 42.44391 ], [ 13.13997, 42.46272 ], [ 13.15405, 42.46233 ], [ 13.17842, 42.47934 ], [ 13.17141, 42.48512 ], [ 13.17777, 42.51264 ], [ 13.16688, 42.51554 ], [ 13.15981, 42.52336 ], [ 13.15879, 42.54 ], [ 13.17351, 42.54545 ], [ 13.17427, 42.56751 ], [ 13.19227, 42.57797 ], [ 13.19136, 42.58752 ], [ 13.22539, 42.58272 ], [ 13.24594, 42.57271 ], [ 13.25333, 42.58118 ], [ 13.27936, 42.58326 ], [ 13.29328, 42.56954 ], [ 13.32168, 42.57863 ], [ 13.34462, 42.5758 ], [ 13.38178, 42.58101 ], [ 13.38947, 42.58844 ], [ 13.3945, 42.61934 ], [ 13.4054, 42.62832 ], [ 13.40962, 42.63968 ], [ 13.40201, 42.64556 ], [ 13.3686, 42.65167 ], [ 13.34879, 42.66861 ], [ 13.3514, 42.68533 ], [ 13.36067, 42.69493 ], [ 13.3926, 42.68738 ], [ 13.4274, 42.70643 ], [ 13.437, 42.69892 ], [ 13.43801, 42.71755 ], [ 13.44757, 42.73184 ], [ 13.48236, 42.73209 ], [ 13.49344, 42.73662 ], [ 13.504, 42.75047 ], [ 13.50239, 42.76986 ], [ 13.51687, 42.78945 ], [ 13.52973, 42.79599 ], [ 13.53452, 42.81666 ], [ 13.54365, 42.81695 ], [ 13.55503, 42.8044 ], [ 13.56977, 42.80163 ], [ 13.60007, 42.80635 ], [ 13.61961, 42.81467 ], [ 13.62781, 42.81417 ], [ 13.62796, 42.80806 ], [ 13.63552, 42.8033 ], [ 13.65271, 42.80503 ], [ 13.6993, 42.82262 ], [ 13.71021, 42.85037 ], [ 13.72187, 42.85448 ], [ 13.77408, 42.85949 ], [ 13.80405, 42.86865 ], [ 13.81932, 42.87891 ], [ 13.88087, 42.89192 ], [ 13.92098, 42.89242 ] ] ] } },
{ "type": "Feature", "properties": { "COD_RIP": 4, "COD_REG": 14, "DEN_REG": "Molise", "Shape_Leng": 426445.355813, "Shape_Area": 4460491073.9799995 }, "geometry": { "type": "Polygon", "coordinates": [ [ [ 14.77917, 42.07025 ], [ 14.82244, 42.0493 ], [ 14.89228, 42.02352 ], [ 14.95462, 42.01053 ], [ 15.0048, 42.0065 ], [ 15.00881, 42.00283 ], [ 14.99918, 42.00529 ], [ 15.00354, 41.99187 ], [ 15.02721, 41.9811 ], [ 15.07962, 41.94225 ], [ 15.13752, 41.92813 ], [ 15.13167, 41.90343 ], [ 15.14059, 41.8791 ], [ 15.12583, 41.87091 ], [ 15.11883, 41.85403 ], [ 15.10594, 41.84952 ], [ 15.10099, 41.83748 ], [ 15.11701, 41.79918 ], [ 15.11468, 41.78917 ], [ 15.10243, 41.78241 ], [ 15.09861, 41.76517 ], [ 15.11655, 41.74897 ], [ 15.10328, 41.74904 ], [ 15.10188, 41.74276 ], [ 15.11896, 41.7239 ], [ 15.14571, 41.71154 ], [ 15.1615, 41.70939 ], [ 15.11707, 41.69375 ], [ 15.10607, 41.68561 ], [ 15.10246, 41.67206 ], [ 15.09466, 41.67418 ], [ 15.08993, 41.68182 ], [ 15.08578, 41.66992 ], [ 15.0693, 41.66068 ], [ 15.05025, 41.65731 ], [ 15.04518, 41.63695 ], [ 15.02599, 41.63457 ], [ 15.02218, 41.62188 ], [ 15.00811, 41.62238 ], [ 14.9887, 41.63781 ], [ 14.96403, 41.64339 ], [ 14.95535, 41.64181 ], [ 14.93413, 41.62016 ], [ 14.94736, 41.6077 ], [ 14.94782, 41.57429 ], [ 14.93588, 41.54244 ], [ 14.93715, 41.52748 ], [ 14.94574, 41.52178 ], [ 14.96639, 41.51901 ], [ 15.00762, 41.48639 ], [ 14.98967, 41.47987 ], [ 14.98227, 41.46907 ], [ 14.96441, 41.46583 ], [ 14.94689, 41.45608 ], [ 14.88513, 41.44498 ], [ 14.86414, 41.42632 ], [ 14.84312, 41.42661 ], [ 14.80593, 41.44754 ], [ 14.78494, 41.45209 ], [ 14.77154, 41.44221 ], [ 14.77181, 41.43285 ], [ 14.7556, 41.41143 ], [ 14.71686, 41.40078 ], [ 14.69843, 41.41122 ], [ 14.66606, 41.40653 ], [ 14.65854, 41.39543 ], [ 14.64501, 41.39454 ], [ 14.62457, 41.37577 ], [ 14.60376, 41.36491 ], [ 14.5881, 41.37054 ], [ 14.58624, 41.38042 ], [ 14.56694, 41.39214 ], [ 14.55129, 41.37946 ], [ 14.52351, 41.38528 ], [ 14.50455, 41.38319 ], [ 14.48861, 41.39071 ], [ 14.47735, 41.41898 ], [ 14.45629, 41.42688 ], [ 14.43071, 41.42873 ], [ 14.41707, 41.43837 ], [ 14.3961, 41.43977 ], [ 14.34218, 41.45408 ], [ 14.32716, 41.45344 ], [ 14.28648, 41.47241 ], [ 14.28903, 41.47902 ], [ 14.27913, 41.48638 ], [ 14.24942, 41.48455 ], [ 14.24075, 41.4972 ], [ 14.17481, 41.49947 ], [ 14.1673, 41.49442 ], [ 14.16496, 41.47878 ], [ 14.15164, 41.48266 ], [ 14.12262, 41.50729 ], [ 14.11192, 41.48891 ], [ 14.08241, 41.46545 ], [ 14.08576, 41.46245 ], [ 14.07874, 41.44871 ], [ 14.10523, 41.42325 ], [ 14.10389, 41.40562 ], [ 14.11366, 41.3887 ], [ 14.10057, 41.39037 ], [ 14.08346, 41.40015 ], [ 14.04239, 41.39278 ], [ 14.02667, 41.41626 ], [ 14.00185, 41.42919 ], [ 14.00859, 41.44187 ], [ 14.00704, 41.45188 ], [ 13.97791, 41.46249 ], [ 13.99153, 41.48128 ], [ 13.97529, 41.49211 ], [ 13.97519, 41.49671 ], [ 13.99473, 41.51292 ], [ 14.01054, 41.51479 ], [ 14.02265, 41.52196 ], [ 14.02322, 41.52681 ], [ 14.00526, 41.53875 ], [ 14.0207, 41.54236 ], [ 14.02509, 41.55813 ], [ 14.00411, 41.56655 ], [ 13.99816, 41.57977 ], [ 14.01017, 41.59256 ], [ 14.00874, 41.60988 ], [ 13.99667, 41.62414 ], [ 13.98345, 41.65873 ], [ 13.96791, 41.67316 ], [ 13.94102, 41.68797 ], [ 13.95554, 41.69554 ], [ 13.98309, 41.69481 ], [ 14.01873, 41.68211 ], [ 14.02419, 41.69713 ], [ 14.0319, 41.70206 ], [ 14.05325, 41.7017 ], [ 14.05322, 41.71932 ], [ 14.07143, 41.73685 ], [ 14.09456, 41.73783 ], [ 14.1072, 41.70736 ], [ 14.12328, 41.72607 ], [ 14.11543, 41.73545 ], [ 14.12072, 41.74518 ], [ 14.15944, 41.7478 ], [ 14.17183, 41.76577 ], [ 14.17871, 41.74921 ], [ 14.19411, 41.74929 ], [ 14.20191, 41.76699 ], [ 14.19345, 41.77348 ], [ 14.1768, 41.77372 ], [ 14.17146, 41.77844 ], [ 14.16477, 41.80726 ], [ 14.14802, 41.82605 ], [ 14.15583, 41.83708 ], [ 14.18355, 41.84771 ], [ 14.18856, 41.84185 ], [ 14.19814, 41.84251 ], [ 14.19651, 41.84857 ], [ 14.21865, 41.85731 ], [ 14.22592, 41.87467 ], [ 14.28391, 41.91065 ], [ 14.30398, 41.89339 ], [ 14.31924, 41.89472 ], [ 14.32579, 41.89052 ], [ 14.34338, 41.86254 ], [ 14.35855, 41.86065 ], [ 14.36447, 41.86884 ], [ 14.36138, 41.8746 ], [ 14.37668, 41.87993 ], [ 14.37887, 41.86587 ], [ 14.39745, 41.86974 ], [ 14.43369, 41.84152 ], [ 14.44233, 41.84126 ], [ 14.46442, 41.77701 ], [ 14.45479, 41.76336 ], [ 14.48955, 41.76097 ], [ 14.49871, 41.77226 ], [ 14.52999, 41.78833 ], [ 14.53318, 41.79993 ], [ 14.54973, 41.8153 ], [ 14.56987, 41.82024 ], [ 14.5847, 41.84208 ], [ 14.59771, 41.85104 ], [ 14.61424, 41.88919 ], [ 14.64165, 41.9004 ], [ 14.66435, 41.91755 ], [ 14.66864, 41.94663 ], [ 14.71752, 41.99443 ], [ 14.72716, 42.00325 ], [ 14.76616, 42.01845 ], [ 14.78015, 42.02967 ], [ 14.78225, 42.03511 ], [ 14.7623, 42.0446 ], [ 14.77917, 42.07025 ] ] ] } },
{ "type": "Feature", "properties": { "COD_RIP": 4, "COD_REG": 15, "DEN_REG": "Campania", "Shape_Leng": 875468.29096200003, "Shape_Area": 13674011479.6 }, "geometry": { "type": "MultiPolygon", "coordinates": [ [ [ [ 15.36127, 39.9968 ], [ 15.35987, 39.99664 ], [ 15.36072, 39.99724 ], [ 15.36127, 39.9968 ] ] ], [ [ [ 15.29461, 40.02413 ], [ 15.29439, 40.02359 ], [ 15.29401, 40.02425 ], [ 15.29461, 40.02413 ] ] ], [ [ [ 15.62784, 40.0541 ], [ 15.62733, 40.05416 ], [ 15.62747, 40.05438 ], [ 15.62784, 40.0541 ] ] ], [ [ [ 14.90025, 40.2504 ], [ 14.89991, 40.25159 ], [ 14.90104, 40.25196 ], [ 14.90025, 40.2504 ] ] ], [ [ [ 14.25216, 40.53983 ], [ 14.25399, 40.54024 ], [ 14.25291, 40.53956 ], [ 14.25216, 40.53983 ] ] ], [ [ [ 14.25708, 40.54367 ], [ 14.25605, 40.543 ], [ 14.25658, 40.54396 ], [ 14.25708, 40.54367 ] ] ], [ [ [ 14.2619, 40.56069 ], [ 14.2663, 40.55601 ], [ 14.25338, 40.54318 ], [ 14.2444, 40.54667 ], [ 14.19794, 40.53681 ], [ 14.19972, 40.56097 ], [ 14.24172, 40.55577 ], [ 14.2619, 40.56069 ] ] ], [ [ [ 14.3403, 40.56971 ], [ 14.3397, 40.56962 ], [ 14.34015, 40.56988 ], [ 14.3403, 40.56971 ] ] ], [ [ [ 14.42901, 40.58068 ], [ 14.4308, 40.57932 ], [ 14.42896, 40.58038 ], [ 14.42901, 40.58068 ] ] ], [ [ [ 14.39892, 40.58321 ], [ 14.39713, 40.58286 ], [ 14.39585, 40.58385 ], [ 14.39892, 40.58321 ] ] ], [ [ [ 14.42909, 40.58256 ], [ 14.43036, 40.58138 ], [ 14.42846, 40.58192 ], [ 14.42909, 40.58256 ] ] ], [ [ [ 14.36855, 40.58644 ], [ 14.36895, 40.58606 ], [ 14.36852, 40.58604 ], [ 14.36855, 40.58644 ] ] ], [ [ [ 14.43412, 40.58422 ], [ 14.43703, 40.58076 ], [ 14.43206, 40.58289 ], [ 14.43412, 40.58422 ] ] ], [ [ [ 14.37618, 40.58883 ], [ 14.37747, 40.58729 ], [ 14.37551, 40.5872 ], [ 14.37618, 40.58883 ] ] ], [ [ [ 14.46299, 40.72984 ], [ 14.4636, 40.72884 ], [ 14.46259, 40.7294 ], [ 14.46299, 40.72984 ] ] ], [ [ [ 13.87201, 40.76056 ], [ 13.88911, 40.75302 ], [ 13.90837, 40.74895 ], [ 13.92325, 40.75132 ], [ 13.95396, 40.74201 ], [ 13.96464, 40.71204 ], [ 13.95515, 40.70628 ], [ 13.93696, 40.70616 ], [ 13.92373, 40.69759 ], [ 13.9052, 40.70153 ], [ 13.89252, 40.69738 ], [ 13.87279, 40.69807 ], [ 13.85254, 40.70987 ], [ 13.86131, 40.71768 ], [ 13.85468, 40.73744 ], [ 13.86333, 40.7408 ], [ 13.86847, 40.75148 ], [ 13.86189, 40.75742 ], [ 13.87201, 40.76056 ] ] ], [ [ [ 14.00983, 40.76883 ], [ 14.03346, 40.76634 ], [ 14.03635, 40.76214 ], [ 14.03235, 40.75833 ], [ 14.03133, 40.76164 ], [ 14.02272, 40.75887 ], [ 14.01314, 40.74864 ], [ 14.01762, 40.73943 ], [ 14.00721, 40.7484 ], [ 13.99771, 40.74012 ], [ 13.99283, 40.74098 ], [ 13.99199, 40.74705 ], [ 14.00201, 40.74748 ], [ 14.00851, 40.75715 ], [ 14.00983, 40.76883 ] ] ], [ [ [ 14.08575, 40.79301 ], [ 14.08937, 40.79205 ], [ 14.09079, 40.79036 ], [ 14.08575, 40.79301 ] ] ], [ [ [ 14.18669, 40.79217 ], [ 14.18699, 40.79115 ], [ 14.18636, 40.79144 ], [ 14.18669, 40.79217 ] ] ], [ [ [ 14.03585, 40.7984 ], [ 14.03739, 40.79909 ], [ 14.03836, 40.7984 ], [ 14.03585, 40.7984 ] ] ], [ [ [ 14.16068, 40.79809 ], [ 14.16011, 40.79814 ], [ 14.1608, 40.79817 ], [ 14.16068, 40.79809 ] ] ], [ [ [ 14.27849, 40.83576 ], [ 14.29011, 40.83304 ], [ 14.29967, 40.82622 ], [ 14.27849, 40.83576 ] ] ], [ [ [ 15.02395, 41.4762 ], [ 15.03244, 41.45268 ], [ 15.03776, 41.45434 ], [ 15.05049, 41.44336 ], [ 15.07574, 41.43292 ], [ 15.09708, 41.43351 ], [ 15.10083, 41.42967 ], [ 15.10304, 41.42086 ], [ 15.09172, 41.41792 ], [ 15.08664, 41.40723 ], [ 15.09831, 41.39057 ], [ 15.08419, 41.38827 ], [ 15.05932, 41.37093 ], [ 15.07329, 41.33219 ], [ 15.12834, 41.31739 ], [ 15.12677, 41.30295 ], [ 15.13634, 41.29799 ], [ 15.13773, 41.28638 ], [ 15.14569, 41.28229 ], [ 15.19582, 41.28618 ], [ 15.19974, 41.27945 ], [ 15.21574, 41.27594 ], [ 15.22042, 41.26536 ], [ 15.23568, 41.27231 ], [ 15.24977, 41.27077 ], [ 15.27611, 41.24712 ], [ 15.27727, 41.241 ], [ 15.24618, 41.23611 ], [ 15.24607, 41.22396 ], [ 15.26242, 41.19763 ], [ 15.22899, 41.18546 ], [ 15.21043, 41.16445 ], [ 15.21079, 41.14867 ], [ 15.23574, 41.14014 ], [ 15.26573, 41.10608 ], [ 15.2912, 41.09395 ], [ 15.31661, 41.10235 ], [ 15.34897, 41.09513 ], [ 15.36693, 41.08478 ], [ 15.3834, 41.09297 ], [ 15.39638, 41.10682 ], [ 15.40128, 41.10598 ], [ 15.41238, 41.09662 ], [ 15.42619, 41.0951 ], [ 15.4461, 41.07801 ], [ 15.47786, 41.07861 ], [ 15.48957, 41.07003 ], [ 15.54287, 41.05586 ], [ 15.56315, 41.03102 ], [ 15.55876, 41.02158 ], [ 15.56958, 41.00197 ], [ 15.56686, 40.96953 ], [ 15.54374, 40.94766 ], [ 15.52724, 40.90783 ], [ 15.46763, 40.8896 ], [ 15.47156, 40.87291 ], [ 15.46081, 40.86715 ], [ 15.44335, 40.8772 ], [ 15.40324, 40.88151 ], [ 15.39077, 40.87606 ], [ 15.37263, 40.88572 ], [ 15.3543, 40.8822 ], [ 15.35524, 40.87089 ], [ 15.37795, 40.86764 ], [ 15.37412, 40.86012 ], [ 15.37727, 40.83603 ], [ 15.36098, 40.83918 ], [ 15.33604, 40.83498 ], [ 15.36646, 40.81214 ], [ 15.3805, 40.81095 ], [ 15.36664, 40.79831 ], [ 15.3877, 40.79346 ], [ 15.38134, 40.78167 ], [ 15.38843, 40.76711 ], [ 15.37906, 40.75093 ], [ 15.38148, 40.72415 ], [ 15.40619, 40.71516 ], [ 15.43035, 40.69207 ], [ 15.46945, 40.67367 ], [ 15.50364, 40.66367 ], [ 15.48944, 40.6462 ], [ 15.46935, 40.63948 ], [ 15.45062, 40.61006 ], [ 15.49088, 40.58685 ], [ 15.51013, 40.58575 ], [ 15.51989, 40.57049 ], [ 15.53345, 40.57318 ], [ 15.53853, 40.56831 ], [ 15.52882, 40.5564 ], [ 15.54266, 40.53226 ], [ 15.53664, 40.52097 ], [ 15.55047, 40.50925 ], [ 15.53523, 40.49964 ], [ 15.53874, 40.48979 ], [ 15.5759, 40.46959 ], [ 15.59206, 40.44158 ], [ 15.64566, 40.41454 ], [ 15.66273, 40.39249 ], [ 15.67099, 40.39827 ], [ 15.67746, 40.39639 ], [ 15.70808, 40.37753 ], [ 15.70475, 40.34224 ], [ 15.72677, 40.31646 ], [ 15.74375, 40.30084 ], [ 15.7897, 40.29003 ], [ 15.80636, 40.27323 ], [ 15.79962, 40.26778 ], [ 15.80385, 40.25068 ], [ 15.79071, 40.24405 ], [ 15.78782, 40.23737 ], [ 15.79572, 40.22192 ], [ 15.78992, 40.21756 ], [ 15.77316, 40.21685 ], [ 15.75121, 40.2018 ], [ 15.73078, 40.19794 ], [ 15.72801, 40.1859 ], [ 15.71196, 40.17792 ], [ 15.7145, 40.16792 ], [ 15.70106, 40.16062 ], [ 15.70946, 40.13776 ], [ 15.7051, 40.11662 ], [ 15.67863, 40.08576 ], [ 15.65865, 40.07984 ], [ 15.65834, 40.07587 ], [ 15.66859, 40.07325 ], [ 15.67551, 40.06457 ], [ 15.67604, 40.0549 ], [ 15.64534, 40.04296 ], [ 15.62684, 40.05635 ], [ 15.63233, 40.0683 ], [ 15.62547, 40.07408 ], [ 15.61383, 40.06978 ], [ 15.57183, 40.07817 ], [ 15.5236, 40.07183 ], [ 15.50486, 40.06456 ], [ 15.48062, 40.03943 ], [ 15.45803, 40.03031 ], [ 15.41987, 39.99048 ], [ 15.38302, 40.00038 ], [ 15.35457, 39.99999 ], [ 15.34274, 40.0048 ], [ 15.31452, 40.03164 ], [ 15.27109, 40.02243 ], [ 15.26771, 40.03133 ], [ 15.2788, 40.02967 ], [ 15.28503, 40.03587 ], [ 15.28192, 40.05508 ], [ 15.27124, 40.07423 ], [ 15.22973, 40.10055 ], [ 15.20477, 40.12349 ], [ 15.17762, 40.12805 ], [ 15.13293, 40.17092 ], [ 15.11282, 40.17702 ], [ 15.08466, 40.17293 ], [ 15.06572, 40.16451 ], [ 15.03491, 40.17223 ], [ 15.02541, 40.17883 ], [ 15.01215, 40.20165 ], [ 14.99392, 40.21634 ], [ 14.9687, 40.22204 ], [ 14.95141, 40.23334 ], [ 14.93997, 40.23325 ], [ 14.93496, 40.22871 ], [ 14.90998, 40.24352 ], [ 14.90486, 40.25326 ], [ 14.93744, 40.27018 ], [ 14.9443, 40.278 ], [ 14.94635, 40.3058 ], [ 14.93931, 40.31933 ], [ 14.9448, 40.33557 ], [ 14.96359, 40.34036 ], [ 14.97947, 40.35192 ], [ 14.9947, 40.35441 ], [ 14.99979, 40.36365 ], [ 14.99887, 40.3884 ], [ 14.97837, 40.43136 ], [ 14.94117, 40.48321 ], [ 14.89379, 40.56599 ], [ 14.8457, 40.62017 ], [ 14.78721, 40.6662 ], [ 14.75871, 40.67738 ], [ 14.7527, 40.67516 ], [ 14.75494, 40.67212 ], [ 14.74862, 40.67759 ], [ 14.71834, 40.66604 ], [ 14.68939, 40.63368 ], [ 14.62796, 40.64886 ], [ 14.57287, 40.61314 ], [ 14.54696, 40.6142 ], [ 14.52823, 40.60674 ], [ 14.51119, 40.61941 ], [ 14.4863, 40.62739 ], [ 14.42406, 40.61149 ], [ 14.40036, 40.59721 ], [ 14.34735, 40.57953 ], [ 14.34567, 40.57195 ], [ 14.33755, 40.57005 ], [ 14.33758, 40.57685 ], [ 14.32452, 40.56904 ], [ 14.32336, 40.59021 ], [ 14.32992, 40.60726 ], [ 14.34149, 40.61827 ], [ 14.33865, 40.62582 ], [ 14.35373, 40.63332 ], [ 14.36508, 40.62768 ], [ 14.37782, 40.629 ], [ 14.39981, 40.63847 ], [ 14.40853, 40.64965 ], [ 14.4036, 40.65631 ], [ 14.43071, 40.66625 ], [ 14.43862, 40.68138 ], [ 14.44837, 40.68752 ], [ 14.47828, 40.69534 ], [ 14.48037, 40.70882 ], [ 14.46178, 40.7417 ], [ 14.44864, 40.75291 ], [ 14.41342, 40.75209 ], [ 14.40027, 40.75763 ], [ 14.32419, 40.81943 ], [ 14.30473, 40.83174 ], [ 14.26979, 40.84333 ], [ 14.26007, 40.84188 ], [ 14.25585, 40.83803 ], [ 14.26107, 40.83424 ], [ 14.2524, 40.83467 ], [ 14.24712, 40.82894 ], [ 14.23364, 40.83191 ], [ 14.22325, 40.82917 ], [ 14.20782, 40.81245 ], [ 14.20728, 40.80243 ], [ 14.19026, 40.79386 ], [ 14.17497, 40.79889 ], [ 14.16142, 40.79284 ], [ 14.1598, 40.79757 ], [ 14.16814, 40.79716 ], [ 14.17333, 40.80237 ], [ 14.15586, 40.818 ], [ 14.12459, 40.82035 ], [ 14.10535, 40.83143 ], [ 14.08578, 40.82967 ], [ 14.07186, 40.81723 ], [ 14.08202, 40.81175 ], [ 14.08761, 40.79423 ], [ 14.078, 40.79019 ], [ 14.0886, 40.78723 ], [ 14.08908, 40.77795 ], [ 14.07799, 40.78727 ], [ 14.04499, 40.7907 ], [ 14.04453, 40.86237 ], [ 14.01574, 40.92874 ], [ 13.98476, 40.96774 ], [ 13.92196, 41.0263 ], [ 13.89381, 41.09016 ], [ 13.83256, 41.16641 ], [ 13.76211, 41.2226 ], [ 13.77827, 41.24348 ], [ 13.81504, 41.24455 ], [ 13.83362, 41.25503 ], [ 13.83999, 41.26237 ], [ 13.82871, 41.26973 ], [ 13.83357, 41.28122 ], [ 13.85106, 41.28957 ], [ 13.88234, 41.29094 ], [ 13.88974, 41.29748 ], [ 13.89481, 41.31164 ], [ 13.87368, 41.33562 ], [ 13.87075, 41.36468 ], [ 13.87445, 41.37613 ], [ 13.88414, 41.38325 ], [ 13.87558, 41.3961 ], [ 13.88542, 41.39981 ], [ 13.86378, 41.40896 ], [ 13.8618, 41.41809 ], [ 13.87657, 41.42622 ], [ 13.90394, 41.4256 ], [ 13.96123, 41.46394 ], [ 13.97503, 41.46342 ], [ 14.00704, 41.45188 ], [ 14.00859, 41.44187 ], [ 14.00185, 41.42919 ], [ 14.02667, 41.41626 ], [ 14.04239, 41.39278 ], [ 14.08477, 41.40003 ], [ 14.11144, 41.38643 ], [ 14.10389, 41.40562 ], [ 14.10572, 41.4224 ], [ 14.07874, 41.44871 ], [ 14.08576, 41.46245 ], [ 14.08241, 41.46545 ], [ 14.11192, 41.48891 ], [ 14.12076, 41.507 ], [ 14.12527, 41.50737 ], [ 14.15164, 41.48266 ], [ 14.16496, 41.47878 ], [ 14.1673, 41.49442 ], [ 14.17481, 41.49947 ], [ 14.24075, 41.4972 ], [ 14.24942, 41.48455 ], [ 14.27913, 41.48638 ], [ 14.28903, 41.47902 ], [ 14.28648, 41.47241 ], [ 14.32716, 41.45344 ], [ 14.34218, 41.45408 ], [ 14.3961, 41.43977 ], [ 14.41707, 41.43837 ], [ 14.43071, 41.42873 ], [ 14.45629, 41.42688 ], [ 14.47735, 41.41898 ], [ 14.48861, 41.39071 ], [ 14.50455, 41.38319 ], [ 14.52351, 41.38528 ], [ 14.55129, 41.37946 ], [ 14.56694, 41.39214 ], [ 14.58624, 41.38042 ], [ 14.5881, 41.37054 ], [ 14.60376, 41.36491 ], [ 14.62457, 41.37577 ], [ 14.64501, 41.39454 ], [ 14.65854, 41.39543 ], [ 14.66606, 41.40653 ], [ 14.69843, 41.41122 ], [ 14.71686, 41.40078 ], [ 14.7556, 41.41143 ], [ 14.77181, 41.43285 ], [ 14.77154, 41.44221 ], [ 14.78545, 41.45225 ], [ 14.80593, 41.44754 ], [ 14.81585, 41.43929 ], [ 14.85342, 41.42513 ], [ 14.8677, 41.42782 ], [ 14.88513, 41.44498 ], [ 14.94689, 41.45608 ], [ 14.96441, 41.46583 ], [ 14.98227, 41.46907 ], [ 14.98967, 41.47987 ], [ 15.00099, 41.48475 ], [ 15.00762, 41.48639 ], [ 15.02395, 41.4762 ] ] ] ] } },
{ "type": "Feature", "properties": { "COD_RIP": 4, "COD_REG": 16, "DEN_REG": "Puglia", "Shape_Leng": 1162612.6033600001, "Shape_Area": 19538649032.400002 }, "geometry": { "type": "MultiPolygon", "coordinates": [ [ [ [ 18.12243, 39.88011 ], [ 18.12219, 39.88001 ], [ 18.12219, 39.88013 ], [ 18.12243, 39.88011 ] ] ], [ [ [ 18.1189, 39.88283 ], [ 18.11819, 39.88286 ], [ 18.11804, 39.88314 ], [ 18.1189, 39.88283 ] ] ], [ [ [ 18.09571, 39.89509 ], [ 18.09671, 39.89499 ], [ 18.09647, 39.89429 ], [ 18.09571, 39.89509 ] ] ], [ [ [ 17.95028, 40.05245 ], [ 17.95514, 40.0499 ], [ 17.94641, 40.04536 ], [ 17.9449, 40.04905 ], [ 17.95028, 40.05245 ] ] ], [ [ [ 17.96907, 40.05428 ], [ 17.97008, 40.05405 ], [ 17.9689, 40.05257 ], [ 17.96907, 40.05428 ] ] ], [ [ [ 18.50338, 40.09243 ], [ 18.50289, 40.09197 ], [ 18.50324, 40.09277 ], [ 18.50338, 40.09243 ] ] ], [ [ [ 17.92169, 40.21909 ], [ 17.92025, 40.21886 ], [ 17.92074, 40.21966 ], [ 17.92169, 40.21909 ] ] ], [ [ [ 17.89538, 40.25184 ], [ 17.89454, 40.25155 ], [ 17.89531, 40.25191 ], [ 17.89538, 40.25184 ] ] ], [ [ [ 17.89045, 40.25394 ], [ 17.89063, 40.25293 ], [ 17.8894, 40.25367 ], [ 17.89045, 40.25394 ] ] ], [ [ [ 17.88903, 40.25585 ], [ 17.88837, 40.25571 ], [ 17.88871, 40.25618 ], [ 17.88903, 40.25585 ] ] ], [ [ [ 17.88971, 40.25615 ], [ 17.88924, 40.25646 ], [ 17.88973, 40.25652 ], [ 17.88971, 40.25615 ] ] ], [ [ [ 17.88783, 40.25978 ], [ 17.88732, 40.25939 ], [ 17.88741, 40.25993 ], [ 17.88783, 40.25978 ] ] ], [ [ [ 17.88146, 40.26211 ], [ 17.88831, 40.2551 ], [ 17.88827, 40.25457 ], [ 17.88146, 40.26211 ] ] ], [ [ [ 17.88293, 40.2622 ], [ 17.88337, 40.26263 ], [ 17.88328, 40.26211 ], [ 17.88293, 40.2622 ] ] ], [ [ [ 17.88597, 40.26402 ], [ 17.88573, 40.26358 ], [ 17.88573, 40.26416 ], [ 17.88597, 40.26402 ] ] ], [ [ [ 17.87926, 40.26818 ], [ 17.87883, 40.2683 ], [ 17.8792, 40.26848 ], [ 17.87926, 40.26818 ] ] ], [ [ [ 17.87322, 40.26952 ], [ 17.87458, 40.26928 ], [ 17.87341, 40.26904 ], [ 17.87322, 40.26952 ] ] ], [ [ [ 17.86659, 40.2689 ], [ 17.86893, 40.26955 ], [ 17.86898, 40.2686 ], [ 17.86659, 40.2689 ] ] ], [ [ [ 18.39726, 40.30959 ], [ 18.39783, 40.30932 ], [ 18.39755, 40.3091 ], [ 18.39726, 40.30959 ] ] ], [ [ [ 18.38473, 40.31859 ], [ 18.38525, 40.31771 ], [ 18.38503, 40.31735 ], [ 18.38473, 40.31859 ] ] ], [ [ [ 17.17463, 40.44068 ], [ 17.17853, 40.43733 ], [ 17.17335, 40.44003 ], [ 17.17463, 40.44068 ] ] ], [ [ [ 17.16064, 40.45375 ], [ 17.16699, 40.44807 ], [ 17.15721, 40.44474 ], [ 17.14329, 40.45051 ], [ 17.16064, 40.45375 ] ] ], [ [ [ 18.02734, 40.64292 ], [ 18.02709, 40.64308 ], [ 18.02751, 40.64316 ], [ 18.02734, 40.64292 ] ] ], [ [ [ 18.00339, 40.65434 ], [ 18.00241, 40.65472 ], [ 18.00337, 40.65516 ], [ 18.00339, 40.65434 ] ] ], [ [ [ 17.99398, 40.657 ], [ 17.99308, 40.65574 ], [ 17.99368, 40.65702 ], [ 17.99398, 40.657 ] ] ], [ [ [ 17.99278, 40.65748 ], [ 17.99221, 40.65695 ], [ 17.99208, 40.65744 ], [ 17.99278, 40.65748 ] ] ], [ [ [ 17.99095, 40.65778 ], [ 17.99048, 40.65761 ], [ 17.99062, 40.65797 ], [ 17.99095, 40.65778 ] ] ], [ [ [ 17.99159, 40.65785 ], [ 17.99133, 40.65766 ], [ 17.99143, 40.65796 ], [ 17.99159, 40.65785 ] ] ], [ [ [ 17.8247, 40.70391 ], [ 17.82518, 40.70277 ], [ 17.82403, 40.70321 ], [ 17.8247, 40.70391 ] ] ], [ [ [ 17.82415, 40.70371 ], [ 17.82346, 40.70353 ], [ 17.82369, 40.70462 ], [ 17.82415, 40.70371 ] ] ], [ [ [ 17.80934, 40.71281 ], [ 17.81001, 40.71203 ], [ 17.80905, 40.71191 ], [ 17.80934, 40.71281 ] ] ], [ [ [ 17.80362, 40.71382 ], [ 17.80323, 40.71376 ], [ 17.80328, 40.71407 ], [ 17.80362, 40.71382 ] ] ], [ [ [ 17.8047, 40.71399 ], [ 17.80609, 40.71381 ], [ 17.80583, 40.71305 ], [ 17.8047, 40.71399 ] ] ], [ [ [ 17.2366, 40.99463 ], [ 17.23572, 40.99461 ], [ 17.23653, 40.99514 ], [ 17.2366, 40.99463 ] ] ], [ [ [ 16.19846, 41.81419 ], [ 16.1987, 41.81347 ], [ 16.19809, 41.81382 ], [ 16.19846, 41.81419 ] ] ], [ [ [ 16.20153, 41.8152 ], [ 16.19986, 41.81548 ], [ 16.20096, 41.81612 ], [ 16.20153, 41.8152 ] ] ], [ [ [ 16.18794, 41.84502 ], [ 16.18826, 41.84379 ], [ 16.18671, 41.84502 ], [ 16.18794, 41.84502 ] ] ], [ [ [ 16.18153, 41.89078 ], [ 16.18564, 41.88855 ], [ 16.18479, 41.88753 ], [ 16.18153, 41.89078 ] ] ], [ [ [ 16.11078, 41.92888 ], [ 16.11149, 41.92798 ], [ 16.10938, 41.92838 ], [ 16.11078, 41.92888 ] ] ], [ [ [ 16.06188, 41.94695 ], [ 16.09068, 41.93723 ], [ 16.12132, 41.91494 ], [ 16.14094, 41.9144 ], [ 16.16106, 41.89193 ], [ 16.18523, 41.88354 ], [ 16.17774, 41.87989 ], [ 16.17578, 41.85959 ], [ 16.19667, 41.82234 ], [ 16.19544, 41.79613 ], [ 16.18678, 41.77261 ], [ 16.16832, 41.76656 ], [ 16.16217, 41.75428 ], [ 16.15006, 41.75041 ], [ 16.14354, 41.74236 ], [ 16.12142, 41.73893 ], [ 16.11787, 41.73357 ], [ 16.10473, 41.7296 ], [ 16.08775, 41.71437 ], [ 16.07337, 41.71057 ], [ 16.06539, 41.69546 ], [ 16.04605, 41.68454 ], [ 15.94258, 41.64149 ], [ 15.93677, 41.63574 ], [ 15.94947, 41.62004 ], [ 15.93566, 41.63654 ], [ 15.90219, 41.61626 ], [ 15.89444, 41.58369 ], [ 15.89938, 41.54786 ], [ 15.91887, 41.50433 ], [ 15.9453, 41.47132 ], [ 15.98057, 41.44574 ], [ 16.01687, 41.4288 ], [ 16.12626, 41.38764 ], [ 16.13505, 41.38758 ], [ 16.1713, 41.36858 ], [ 16.21256, 41.35698 ], [ 16.2632, 41.32833 ], [ 16.3536, 41.30647 ], [ 16.40085, 41.28513 ], [ 16.41936, 41.28251 ], [ 16.45443, 41.26007 ], [ 16.53123, 41.23897 ], [ 16.54064, 41.2303 ], [ 16.58426, 41.21191 ], [ 16.58451, 41.20753 ], [ 16.59709, 41.20676 ], [ 16.62872, 41.19445 ], [ 16.67159, 41.18986 ], [ 16.69959, 41.1767 ], [ 16.76287, 41.16054 ], [ 16.77605, 41.16067 ], [ 16.8087, 41.1409 ], [ 16.835, 41.13698 ], [ 16.84541, 41.1398 ], [ 16.85159, 41.13014 ], [ 16.86257, 41.12955 ], [ 16.87089, 41.13571 ], [ 16.86668, 41.14309 ], [ 16.85378, 41.14542 ], [ 16.86822, 41.14315 ], [ 16.87242, 41.1402 ], [ 16.87332, 41.12557 ], [ 16.87973, 41.12237 ], [ 16.9274, 41.11157 ], [ 16.96017, 41.09726 ], [ 17.05673, 41.07715 ], [ 17.14772, 41.03534 ], [ 17.17622, 41.02851 ], [ 17.20569, 41.00149 ], [ 17.23786, 40.99218 ], [ 17.26369, 40.9749 ], [ 17.27303, 40.97431 ], [ 17.30177, 40.95828 ], [ 17.30578, 40.95062 ], [ 17.32835, 40.93507 ], [ 17.35002, 40.90611 ], [ 17.39078, 40.89096 ], [ 17.42186, 40.86575 ], [ 17.46561, 40.84386 ], [ 17.4783, 40.82967 ], [ 17.55713, 40.79883 ], [ 17.70723, 40.75819 ], [ 17.74845, 40.73307 ], [ 17.7986, 40.71472 ], [ 17.80517, 40.70577 ], [ 17.83879, 40.69126 ], [ 17.92582, 40.67946 ], [ 17.9339, 40.68101 ], [ 17.93563, 40.68617 ], [ 17.95383, 40.66395 ], [ 17.97643, 40.663 ], [ 17.96769, 40.65703 ], [ 17.96725, 40.66262 ], [ 17.96227, 40.66255 ], [ 17.95203, 40.64741 ], [ 17.9272, 40.6398 ], [ 17.94435, 40.6425 ], [ 17.9507, 40.63702 ], [ 17.95333, 40.64503 ], [ 17.96911, 40.64949 ], [ 17.9835, 40.64364 ], [ 17.99076, 40.64993 ], [ 17.99861, 40.64903 ], [ 18.01412, 40.64177 ], [ 18.01788, 40.62238 ], [ 18.04484, 40.59763 ], [ 18.03479, 40.57322 ], [ 18.03744, 40.56397 ], [ 18.07425, 40.53901 ], [ 18.08078, 40.52543 ], [ 18.10917, 40.50981 ], [ 18.12791, 40.49273 ], [ 18.16638, 40.48071 ], [ 18.18581, 40.4693 ], [ 18.20274, 40.46733 ], [ 18.23459, 40.4483 ], [ 18.27896, 40.40731 ], [ 18.301, 40.39455 ], [ 18.31597, 40.37283 ], [ 18.35915, 40.3452 ], [ 18.38481, 40.31579 ], [ 18.42477, 40.29146 ], [ 18.43035, 40.27263 ], [ 18.44112, 40.26881 ], [ 18.44754, 40.24947 ], [ 18.46106, 40.23306 ], [ 18.46453, 40.22219 ], [ 18.45854, 40.20383 ], [ 18.47774, 40.17987 ], [ 18.4897, 40.14705 ], [ 18.50618, 40.1444 ], [ 18.51364, 40.13835 ], [ 18.5068, 40.12483 ], [ 18.51886, 40.10467 ], [ 18.48504, 40.07984 ], [ 18.47444, 40.04368 ], [ 18.44377, 40.03096 ], [ 18.43509, 40.02146 ], [ 18.43166, 40.0006 ], [ 18.4235, 40.00053 ], [ 18.41553, 39.99289 ], [ 18.3951, 39.92983 ], [ 18.39242, 39.90372 ], [ 18.39875, 39.87961 ], [ 18.38464, 39.841 ], [ 18.39122, 39.81881 ], [ 18.3697, 39.79503 ], [ 18.36035, 39.79731 ], [ 18.3462, 39.79115 ], [ 18.33399, 39.7958 ], [ 18.32552, 39.80745 ], [ 18.26557, 39.83571 ], [ 18.20271, 39.83925 ], [ 18.14287, 39.86732 ], [ 18.11998, 39.88451 ], [ 18.0882, 39.89928 ], [ 18.05035, 39.92768 ], [ 17.99319, 40.00007 ], [ 18.00626, 39.99572 ], [ 18.01541, 40.00372 ], [ 18.0206, 40.01659 ], [ 18.01613, 40.03406 ], [ 18.00381, 40.04752 ], [ 17.98071, 40.05581 ], [ 17.97314, 40.05333 ], [ 17.97517, 40.0588 ], [ 17.98332, 40.06154 ], [ 17.97722, 40.05693 ], [ 17.98895, 40.05859 ], [ 18.00388, 40.07091 ], [ 18.01135, 40.08592 ], [ 18.00992, 40.10906 ], [ 17.98605, 40.1398 ], [ 17.96747, 40.1474 ], [ 17.92534, 40.18396 ], [ 17.9179, 40.20057 ], [ 17.92459, 40.22384 ], [ 17.89523, 40.25061 ], [ 17.90976, 40.2413 ], [ 17.90742, 40.25237 ], [ 17.90124, 40.25844 ], [ 17.89099, 40.25978 ], [ 17.87901, 40.27203 ], [ 17.87116, 40.27252 ], [ 17.86054, 40.28399 ], [ 17.84771, 40.28599 ], [ 17.83883, 40.2817 ], [ 17.81746, 40.28912 ], [ 17.68133, 40.30445 ], [ 17.50836, 40.29486 ], [ 17.49477, 40.30996 ], [ 17.45803, 40.31698 ], [ 17.44379, 40.3293 ], [ 17.39508, 40.33238 ], [ 17.37548, 40.34808 ], [ 17.34117, 40.36066 ], [ 17.32431, 40.36171 ], [ 17.29768, 40.37809 ], [ 17.28578, 40.37987 ], [ 17.22282, 40.40888 ], [ 17.20576, 40.40851 ], [ 17.20246, 40.41378 ], [ 17.2089, 40.42111 ], [ 17.23251, 40.42468 ], [ 17.24685, 40.43753 ], [ 17.2513, 40.44808 ], [ 17.24811, 40.46041 ], [ 17.22664, 40.47952 ], [ 17.18516, 40.47972 ], [ 17.18064, 40.49323 ], [ 17.17713, 40.49002 ], [ 17.16598, 40.50086 ], [ 17.15507, 40.49659 ], [ 17.16545, 40.50386 ], [ 17.16264, 40.50611 ], [ 17.14475, 40.49491 ], [ 17.14636, 40.50956 ], [ 17.11296, 40.51976 ], [ 17.06857, 40.51766 ], [ 16.99204, 40.4934 ], [ 16.91905, 40.44892 ], [ 16.86717, 40.39785 ], [ 16.83373, 40.41237 ], [ 16.81016, 40.43304 ], [ 16.80282, 40.45744 ], [ 16.78547, 40.46288 ], [ 16.74374, 40.46472 ], [ 16.71959, 40.48141 ], [ 16.7372, 40.50506 ], [ 16.73477, 40.51235 ], [ 16.72426, 40.5146 ], [ 16.7167, 40.5236 ], [ 16.72158, 40.53716 ], [ 16.70569, 40.55019 ], [ 16.7152, 40.59491 ], [ 16.72691, 40.60143 ], [ 16.71423, 40.61428 ], [ 16.71014, 40.63022 ], [ 16.7272, 40.68838 ], [ 16.70909, 40.69301 ], [ 16.69649, 40.70261 ], [ 16.70448, 40.71124 ], [ 16.70871, 40.70542 ], [ 16.7249, 40.71383 ], [ 16.67321, 40.73849 ], [ 16.66336, 40.74887 ], [ 16.66152, 40.73683 ], [ 16.65286, 40.7363 ], [ 16.63308, 40.75339 ], [ 16.59436, 40.75264 ], [ 16.58558, 40.76259 ], [ 16.56834, 40.75791 ], [ 16.56738, 40.75239 ], [ 16.57798, 40.742 ], [ 16.57244, 40.73694 ], [ 16.55447, 40.75765 ], [ 16.53687, 40.7529 ], [ 16.53129, 40.74517 ], [ 16.5379, 40.74212 ], [ 16.53694, 40.73457 ], [ 16.54277, 40.72974 ], [ 16.54402, 40.72554 ], [ 16.53838, 40.72541 ], [ 16.52352, 40.73543 ], [ 16.52266, 40.74605 ], [ 16.50131, 40.76171 ], [ 16.47968, 40.7368 ], [ 16.42864, 40.70185 ], [ 16.40568, 40.70398 ], [ 16.38479, 40.73274 ], [ 16.34689, 40.75199 ], [ 16.31623, 40.78311 ], [ 16.2747, 40.80685 ], [ 16.24519, 40.83735 ], [ 16.23108, 40.85606 ], [ 16.21365, 40.90715 ], [ 16.20261, 40.91735 ], [ 16.16297, 40.92858 ], [ 16.13807, 40.91835 ], [ 16.1331, 40.90579 ], [ 16.1213, 40.89924 ], [ 16.09188, 40.92098 ], [ 15.97663, 40.95845 ], [ 15.97379, 40.96937 ], [ 16.00835, 40.97209 ], [ 16.02704, 40.99121 ], [ 16.0316, 41.0007 ], [ 16.02793, 41.02408 ], [ 16.03999, 41.02956 ], [ 16.04089, 41.03488 ], [ 16.00937, 41.05724 ], [ 15.99869, 41.05477 ], [ 15.98015, 41.08159 ], [ 15.98304, 41.0887 ], [ 15.97625, 41.09417 ], [ 15.95739, 41.09611 ], [ 15.95969, 41.10125 ], [ 15.9522, 41.11056 ], [ 15.9214, 41.11154 ], [ 15.90079, 41.12641 ], [ 15.89436, 41.12325 ], [ 15.87919, 41.13858 ], [ 15.87142, 41.13915 ], [ 15.86502, 41.13097 ], [ 15.85462, 41.13306 ], [ 15.84497, 41.1243 ], [ 15.83912, 41.12451 ], [ 15.83864, 41.1301 ], [ 15.83174, 41.12913 ], [ 15.82508, 41.11838 ], [ 15.80193, 41.11131 ], [ 15.79776, 41.09102 ], [ 15.77145, 41.08447 ], [ 15.76175, 41.08743 ], [ 15.7526, 41.09734 ], [ 15.74171, 41.09934 ], [ 15.7322, 41.09892 ], [ 15.72032, 41.09009 ], [ 15.68455, 41.08688 ], [ 15.64733, 41.08962 ], [ 15.62252, 41.0981 ], [ 15.57981, 41.09684 ], [ 15.54024, 41.07223 ], [ 15.54287, 41.05586 ], [ 15.48957, 41.07003 ], [ 15.47786, 41.07861 ], [ 15.4461, 41.07801 ], [ 15.42619, 41.0951 ], [ 15.41238, 41.09662 ], [ 15.39638, 41.10682 ], [ 15.3834, 41.09297 ], [ 15.36693, 41.08478 ], [ 15.34897, 41.09513 ], [ 15.31661, 41.10235 ], [ 15.2912, 41.09395 ], [ 15.26573, 41.10608 ], [ 15.23574, 41.14014 ], [ 15.21079, 41.14867 ], [ 15.21043, 41.16445 ], [ 15.22899, 41.18546 ], [ 15.26242, 41.19763 ], [ 15.24607, 41.22396 ], [ 15.24574, 41.23503 ], [ 15.27727, 41.241 ], [ 15.27406, 41.25049 ], [ 15.249, 41.27099 ], [ 15.23568, 41.27231 ], [ 15.22042, 41.26536 ], [ 15.21574, 41.27594 ], [ 15.19974, 41.27945 ], [ 15.19582, 41.28618 ], [ 15.14569, 41.28229 ], [ 15.13773, 41.28638 ], [ 15.13634, 41.29799 ], [ 15.12677, 41.30295 ], [ 15.12834, 41.31739 ], [ 15.07329, 41.33219 ], [ 15.05932, 41.37093 ], [ 15.08419, 41.38827 ], [ 15.09831, 41.39057 ], [ 15.08652, 41.40459 ], [ 15.09172, 41.41792 ], [ 15.10304, 41.42086 ], [ 15.09911, 41.43309 ], [ 15.07574, 41.43292 ], [ 15.05049, 41.44336 ], [ 15.03776, 41.45434 ], [ 15.03244, 41.45268 ], [ 15.02395, 41.4762 ], [ 14.96639, 41.51901 ], [ 14.94574, 41.52178 ], [ 14.93703, 41.52786 ], [ 14.93588, 41.54244 ], [ 14.94782, 41.57429 ], [ 14.94736, 41.6077 ], [ 14.93413, 41.62016 ], [ 14.95535, 41.64181 ], [ 14.98523, 41.63909 ], [ 15.00634, 41.62306 ], [ 15.02218, 41.62188 ], [ 15.02599, 41.63457 ], [ 15.04518, 41.63695 ], [ 15.05025, 41.65731 ], [ 15.0693, 41.66068 ], [ 15.08578, 41.66992 ], [ 15.08993, 41.68182 ], [ 15.09466, 41.67418 ], [ 15.10246, 41.67206 ], [ 15.10607, 41.68561 ], [ 15.11707, 41.69375 ], [ 15.1615, 41.70939 ], [ 15.14571, 41.71154 ], [ 15.11896, 41.7239 ], [ 15.10188, 41.74276 ], [ 15.10328, 41.74904 ], [ 15.11655, 41.74897 ], [ 15.09861, 41.76517 ], [ 15.10243, 41.78241 ], [ 15.11468, 41.78917 ], [ 15.11701, 41.79918 ], [ 15.10099, 41.83748 ], [ 15.10594, 41.84952 ], [ 15.11883, 41.85403 ], [ 15.12583, 41.87091 ], [ 15.14059, 41.8791 ], [ 15.13167, 41.90343 ], [ 15.13749, 41.92633 ], [ 15.20473, 41.9194 ], [ 15.33501, 41.91707 ], [ 15.36339, 41.90321 ], [ 15.41233, 41.90075 ], [ 15.49832, 41.90823 ], [ 15.62294, 41.92772 ], [ 15.64234, 41.92663 ], [ 15.67716, 41.91488 ], [ 15.71871, 41.91493 ], [ 15.90681, 41.93097 ], [ 16.00382, 41.94574 ], [ 16.0096, 41.94989 ], [ 16.024, 41.94594 ], [ 16.06188, 41.94695 ] ], [ [ 16.63376, 40.75478 ], [ 16.64229, 40.7516 ], [ 16.64646, 40.75415 ], [ 16.63621, 40.75795 ], [ 16.63376, 40.75478 ] ] ], [ [ [ 15.5003, 42.12359 ], [ 15.49969, 42.12136 ], [ 15.49695, 42.12249 ], [ 15.5003, 42.12359 ] ] ], [ [ [ 15.48787, 42.12358 ], [ 15.49685, 42.11978 ], [ 15.49187, 42.11011 ], [ 15.48083, 42.10397 ], [ 15.47627, 42.11162 ], [ 15.48787, 42.12358 ] ] ], [ [ [ 15.51728, 42.12579 ], [ 15.50502, 42.11946 ], [ 15.5173, 42.12822 ], [ 15.51728, 42.12579 ] ] ], [ [ [ 15.5158, 42.14 ], [ 15.51631, 42.13608 ], [ 15.50823, 42.12934 ], [ 15.50998, 42.1378 ], [ 15.5158, 42.14 ] ] ], [ [ [ 15.74421, 42.22645 ], [ 15.75129, 42.22596 ], [ 15.75172, 42.22567 ], [ 15.74814, 42.22323 ], [ 15.74421, 42.22645 ] ] ] ] } },
{ "type": "Feature", "properties": { "COD_RIP": 4, "COD_REG": 17, "DEN_REG": "Basilicata", "Shape_Leng": 599534.79512400005, "Shape_Area": 10073303801.5 }, "geometry": { "type": "MultiPolygon", "coordinates": [ [ [ [ 15.743, 39.93343 ], [ 15.74409, 39.93371 ], [ 15.74369, 39.93317 ], [ 15.743, 39.93343 ] ] ], [ [ [ 15.71547, 39.96754 ], [ 15.71726, 39.96732 ], [ 15.71489, 39.96667 ], [ 15.71547, 39.96754 ] ] ], [ [ [ 16.63621, 40.75795 ], [ 16.64586, 40.75255 ], [ 16.63381, 40.75417 ], [ 16.63621, 40.75795 ] ] ], [ [ [ 15.88181, 41.13582 ], [ 15.89436, 41.12325 ], [ 15.90079, 41.12641 ], [ 15.9214, 41.11154 ], [ 15.95415, 41.10944 ], [ 15.95739, 41.09611 ], [ 15.97625, 41.09417 ], [ 15.98304, 41.0887 ], [ 15.98015, 41.08159 ], [ 15.99869, 41.05477 ], [ 16.00937, 41.05724 ], [ 16.04069, 41.03587 ], [ 16.03999, 41.02956 ], [ 16.02793, 41.02408 ], [ 16.0316, 41.0007 ], [ 16.02704, 40.99121 ], [ 16.00835, 40.97209 ], [ 15.97379, 40.96937 ], [ 15.97663, 40.95845 ], [ 16.09188, 40.92098 ], [ 16.1213, 40.89924 ], [ 16.1331, 40.90579 ], [ 16.13807, 40.91835 ], [ 16.16297, 40.92858 ], [ 16.20261, 40.91735 ], [ 16.21365, 40.90715 ], [ 16.23108, 40.85606 ], [ 16.24519, 40.83735 ], [ 16.2747, 40.80685 ], [ 16.31623, 40.78311 ], [ 16.34689, 40.75199 ], [ 16.38479, 40.73274 ], [ 16.40568, 40.70398 ], [ 16.42864, 40.70185 ], [ 16.47968, 40.7368 ], [ 16.50131, 40.76171 ], [ 16.52266, 40.74605 ], [ 16.52352, 40.73543 ], [ 16.53838, 40.72541 ], [ 16.54402, 40.72554 ], [ 16.54277, 40.72974 ], [ 16.53694, 40.73457 ], [ 16.5379, 40.74212 ], [ 16.53129, 40.74517 ], [ 16.53687, 40.7529 ], [ 16.55447, 40.75765 ], [ 16.57244, 40.73694 ], [ 16.57798, 40.742 ], [ 16.56738, 40.75239 ], [ 16.56834, 40.75791 ], [ 16.58558, 40.76259 ], [ 16.59436, 40.75264 ], [ 16.63308, 40.75339 ], [ 16.65286, 40.7363 ], [ 16.66152, 40.73683 ], [ 16.66336, 40.74887 ], [ 16.67321, 40.73849 ], [ 16.7249, 40.71383 ], [ 16.70871, 40.70542 ], [ 16.70448, 40.71124 ], [ 16.69649, 40.70261 ], [ 16.70909, 40.69301 ], [ 16.7272, 40.68838 ], [ 16.71014, 40.63022 ], [ 16.71423, 40.61428 ], [ 16.72691, 40.60143 ], [ 16.7152, 40.59491 ], [ 16.70574, 40.5544 ], [ 16.72158, 40.53716 ], [ 16.7167, 40.5236 ], [ 16.72426, 40.5146 ], [ 16.73634, 40.51077 ], [ 16.73702, 40.50375 ], [ 16.72022, 40.47982 ], [ 16.74374, 40.46472 ], [ 16.78547, 40.46288 ], [ 16.80282, 40.45744 ], [ 16.81016, 40.43304 ], [ 16.83373, 40.41237 ], [ 16.86717, 40.39785 ], [ 16.78199, 40.29587 ], [ 16.7521, 40.24917 ], [ 16.73254, 40.20282 ], [ 16.68573, 40.14738 ], [ 16.64526, 40.11813 ], [ 16.62294, 40.13138 ], [ 16.60971, 40.129 ], [ 16.58731, 40.13346 ], [ 16.57651, 40.12888 ], [ 16.55621, 40.12847 ], [ 16.53001, 40.11809 ], [ 16.51772, 40.12871 ], [ 16.50309, 40.1299 ], [ 16.49455, 40.12467 ], [ 16.47027, 40.13408 ], [ 16.4525, 40.13462 ], [ 16.43407, 40.12767 ], [ 16.42112, 40.14393 ], [ 16.41992, 40.12852 ], [ 16.40974, 40.11999 ], [ 16.4153, 40.10397 ], [ 16.41424, 40.08068 ], [ 16.39364, 40.0451 ], [ 16.39838, 40.01694 ], [ 16.36076, 39.96641 ], [ 16.35809, 39.9541 ], [ 16.3469, 39.94937 ], [ 16.33991, 39.93727 ], [ 16.35884, 39.91601 ], [ 16.3506, 39.89873 ], [ 16.31624, 39.92912 ], [ 16.30539, 39.93354 ], [ 16.28331, 39.93091 ], [ 16.26673, 39.93488 ], [ 16.23361, 39.92465 ], [ 16.21428, 39.9266 ], [ 16.21937, 39.91759 ], [ 16.21469, 39.89598 ], [ 16.15804, 39.91968 ], [ 16.13797, 39.90141 ], [ 16.12797, 39.90589 ], [ 16.10137, 39.90642 ], [ 16.08104, 39.89629 ], [ 16.04902, 39.8948 ], [ 16.04153, 39.91211 ], [ 16.01653, 39.92575 ], [ 16.02091, 39.93253 ], [ 16.0068, 39.95731 ], [ 16.01908, 39.97361 ], [ 16.03359, 39.98235 ], [ 16.02958, 39.99351 ], [ 16.0086, 39.99648 ], [ 16.00224, 39.98818 ], [ 15.97821, 39.98374 ], [ 15.96874, 39.99161 ], [ 15.92802, 40.00107 ], [ 15.89777, 39.98167 ], [ 15.88967, 39.99458 ], [ 15.8786, 39.9962 ], [ 15.8681, 39.98872 ], [ 15.84828, 40.00637 ], [ 15.82088, 40.00188 ], [ 15.79704, 39.97448 ], [ 15.77398, 39.96151 ], [ 15.76586, 39.9306 ], [ 15.75592, 39.92356 ], [ 15.75046, 39.93338 ], [ 15.73617, 39.94229 ], [ 15.73241, 39.96238 ], [ 15.67505, 40.01461 ], [ 15.67533, 40.03001 ], [ 15.66446, 40.03958 ], [ 15.64449, 40.04158 ], [ 15.67604, 40.0549 ], [ 15.67551, 40.06457 ], [ 15.66859, 40.07325 ], [ 15.65834, 40.07587 ], [ 15.65865, 40.07984 ], [ 15.67863, 40.08576 ], [ 15.7051, 40.11662 ], [ 15.70938, 40.13861 ], [ 15.70051, 40.15828 ], [ 15.7145, 40.16792 ], [ 15.71196, 40.17792 ], [ 15.72801, 40.1859 ], [ 15.73078, 40.19794 ], [ 15.75121, 40.2018 ], [ 15.77316, 40.21685 ], [ 15.7952, 40.22138 ], [ 15.78782, 40.23737 ], [ 15.79071, 40.24405 ], [ 15.80385, 40.25068 ], [ 15.79962, 40.26778 ], [ 15.80636, 40.27323 ], [ 15.7897, 40.29003 ], [ 15.74375, 40.30084 ], [ 15.72677, 40.31646 ], [ 15.70475, 40.34224 ], [ 15.70808, 40.37753 ], [ 15.67746, 40.39639 ], [ 15.67099, 40.39827 ], [ 15.66273, 40.39249 ], [ 15.64566, 40.41454 ], [ 15.59206, 40.44158 ], [ 15.5759, 40.46959 ], [ 15.53874, 40.48979 ], [ 15.53523, 40.49964 ], [ 15.55047, 40.50925 ], [ 15.53664, 40.52097 ], [ 15.54266, 40.53226 ], [ 15.52882, 40.5564 ], [ 15.53853, 40.56831 ], [ 15.53345, 40.57318 ], [ 15.51989, 40.57049 ], [ 15.51013, 40.58575 ], [ 15.49088, 40.58685 ], [ 15.45062, 40.61006 ], [ 15.46935, 40.63948 ], [ 15.48944, 40.6462 ], [ 15.50364, 40.66367 ], [ 15.46945, 40.67367 ], [ 15.43035, 40.69207 ], [ 15.40619, 40.71516 ], [ 15.38148, 40.72415 ], [ 15.37906, 40.75093 ], [ 15.38843, 40.76711 ], [ 15.38134, 40.78167 ], [ 15.3877, 40.79346 ], [ 15.36664, 40.79831 ], [ 15.3805, 40.81095 ], [ 15.36646, 40.81214 ], [ 15.33604, 40.83498 ], [ 15.36098, 40.83918 ], [ 15.37727, 40.83603 ], [ 15.37412, 40.86012 ], [ 15.37795, 40.86764 ], [ 15.35524, 40.87089 ], [ 15.3543, 40.8822 ], [ 15.37263, 40.88572 ], [ 15.39077, 40.87606 ], [ 15.40324, 40.88151 ], [ 15.44335, 40.8772 ], [ 15.46081, 40.86715 ], [ 15.47156, 40.87291 ], [ 15.46763, 40.8896 ], [ 15.52724, 40.90783 ], [ 15.54374, 40.94766 ], [ 15.56556, 40.96733 ], [ 15.56827, 40.97565 ], [ 15.56958, 41.00197 ], [ 15.55876, 41.02158 ], [ 15.56324, 41.03075 ], [ 15.54287, 41.05586 ], [ 15.5393, 41.07038 ], [ 15.56322, 41.08949 ], [ 15.58574, 41.09826 ], [ 15.62252, 41.0981 ], [ 15.64733, 41.08962 ], [ 15.68455, 41.08688 ], [ 15.72032, 41.09009 ], [ 15.73937, 41.09941 ], [ 15.7526, 41.09734 ], [ 15.76175, 41.08743 ], [ 15.77145, 41.08447 ], [ 15.79776, 41.09102 ], [ 15.80193, 41.11131 ], [ 15.82508, 41.11838 ], [ 15.83361, 41.13005 ], [ 15.83952, 41.12964 ], [ 15.84259, 41.12377 ], [ 15.85462, 41.13306 ], [ 15.86502, 41.13097 ], [ 15.87142, 41.13915 ], [ 15.88181, 41.13582 ] ] ] ] } },
{ "type": "Feature", "properties": { "COD_RIP": 4, "COD_REG": 18, "DEN_REG": "Calabria", "Shape_Leng": 840599.69021699997, "Shape_Area": 15217956647.6 }, "geometry": { "type": "MultiPolygon", "coordinates": [ [ [ [ 15.8567, 38.37909 ], [ 15.85621, 38.37914 ], [ 15.85661, 38.37929 ], [ 15.8567, 38.37909 ] ] ], [ [ [ 15.85741, 38.3808 ], [ 15.85789, 38.38101 ], [ 15.85796, 38.38074 ], [ 15.85741, 38.3808 ] ] ], [ [ [ 15.85726, 38.38158 ], [ 15.85701, 38.38125 ], [ 15.85667, 38.38159 ], [ 15.85726, 38.38158 ] ] ], [ [ [ 15.99994, 38.72559 ], [ 15.99897, 38.7252 ], [ 15.99848, 38.72551 ], [ 15.99994, 38.72559 ] ] ], [ [ [ 15.80028, 39.69798 ], [ 15.80273, 39.69979 ], [ 15.80303, 39.69763 ], [ 15.80028, 39.69798 ] ] ], [ [ [ 15.77927, 39.84801 ], [ 15.77817, 39.8476 ], [ 15.77886, 39.84824 ], [ 15.77927, 39.84801 ] ] ], [ [ [ 15.78906, 39.85685 ], [ 15.78869, 39.8562 ], [ 15.78812, 39.85662 ], [ 15.78906, 39.85685 ] ] ], [ [ [ 15.77081, 39.87489 ], [ 15.77989, 39.8719 ], [ 15.76867, 39.87185 ], [ 15.77081, 39.87489 ] ] ], [ [ [ 16.59178, 40.13261 ], [ 16.60971, 40.129 ], [ 16.62294, 40.13138 ], [ 16.64387, 40.11904 ], [ 16.60566, 40.07998 ], [ 16.59904, 40.04264 ], [ 16.61346, 39.9873 ], [ 16.62956, 39.9645 ], [ 16.59939, 39.92637 ], [ 16.53826, 39.87076 ], [ 16.49221, 39.80756 ], [ 16.48691, 39.78489 ], [ 16.4904, 39.75579 ], [ 16.49986, 39.74138 ], [ 16.52615, 39.72656 ], [ 16.5292, 39.71885 ], [ 16.52559, 39.6801 ], [ 16.51812, 39.66796 ], [ 16.525, 39.65919 ], [ 16.52923, 39.66649 ], [ 16.56659, 39.64126 ], [ 16.61865, 39.62195 ], [ 16.73391, 39.6163 ], [ 16.75538, 39.62448 ], [ 16.7737, 39.61943 ], [ 16.81301, 39.59209 ], [ 16.82727, 39.5676 ], [ 16.8666, 39.53862 ], [ 16.96145, 39.49523 ], [ 17.02162, 39.48391 ], [ 17.0463, 39.44428 ], [ 17.08028, 39.4222 ], [ 17.11864, 39.40561 ], [ 17.15692, 39.40136 ], [ 17.13621, 39.37538 ], [ 17.1098, 39.30862 ], [ 17.10738, 39.25088 ], [ 17.14791, 39.20586 ], [ 17.11603, 39.1414 ], [ 17.10834, 39.10699 ], [ 17.11505, 39.09104 ], [ 17.13586, 39.08351 ], [ 17.12718, 39.09552 ], [ 17.13515, 39.08698 ], [ 17.13818, 39.07998 ], [ 17.13056, 39.07522 ], [ 17.13209, 39.06536 ], [ 17.14636, 39.04728 ], [ 17.17468, 39.03248 ], [ 17.2052, 39.02952 ], [ 17.2056, 39.02461 ], [ 17.18824, 39.01969 ], [ 17.16421, 38.99458 ], [ 17.16037, 38.9713 ], [ 17.16889, 38.95485 ], [ 17.10134, 38.90489 ], [ 17.09415, 38.89262 ], [ 17.08959, 38.89611 ], [ 17.09344, 38.90559 ], [ 17.0826, 38.91311 ], [ 17.04209, 38.91891 ], [ 17.03092, 38.91594 ], [ 17.02211, 38.90598 ], [ 17.01026, 38.91166 ], [ 16.98613, 38.93662 ], [ 16.95127, 38.93768 ], [ 16.87533, 38.92482 ], [ 16.79297, 38.90183 ], [ 16.72869, 38.87403 ], [ 16.63717, 38.82651 ], [ 16.61547, 38.82007 ], [ 16.57122, 38.77197 ], [ 16.5668, 38.76532 ], [ 16.5703, 38.75526 ], [ 16.55917, 38.74745 ], [ 16.53489, 38.71319 ], [ 16.53612, 38.70281 ], [ 16.55472, 38.69128 ], [ 16.55873, 38.68135 ], [ 16.55673, 38.65113 ], [ 16.57097, 38.58898 ], [ 16.57188, 38.53502 ], [ 16.57982, 38.50167 ], [ 16.58269, 38.45534 ], [ 16.56447, 38.41957 ], [ 16.49884, 38.36142 ], [ 16.4673, 38.34051 ], [ 16.43657, 38.3275 ], [ 16.34326, 38.30307 ], [ 16.31799, 38.28811 ], [ 16.19273, 38.15783 ], [ 16.16522, 38.13582 ], [ 16.14344, 38.02918 ], [ 16.11336, 37.97685 ], [ 16.06558, 37.92694 ], [ 16.04739, 37.92225 ], [ 16.01907, 37.9225 ], [ 15.99785, 37.91575 ], [ 15.95312, 37.92099 ], [ 15.9213, 37.92971 ], [ 15.83951, 37.91913 ], [ 15.76123, 37.91705 ], [ 15.71106, 37.93625 ], [ 15.69595, 37.9495 ], [ 15.67842, 37.95393 ], [ 15.6371, 38.00624 ], [ 15.63444, 38.0199 ], [ 15.6527, 38.02907 ], [ 15.65716, 38.04009 ], [ 15.64818, 38.05362 ], [ 15.65195, 38.06619 ], [ 15.63484, 38.07554 ], [ 15.63023, 38.09323 ], [ 15.63088, 38.1022 ], [ 15.64792, 38.11613 ], [ 15.65632, 38.13495 ], [ 15.65072, 38.15921 ], [ 15.63979, 38.1701 ], [ 15.64135, 38.17941 ], [ 15.63401, 38.18584 ], [ 15.63593, 38.23175 ], [ 15.66868, 38.23945 ], [ 15.69288, 38.25107 ], [ 15.74919, 38.25711 ], [ 15.79351, 38.28014 ], [ 15.81475, 38.29879 ], [ 15.82582, 38.31726 ], [ 15.83306, 38.35753 ], [ 15.8354, 38.36113 ], [ 15.8574, 38.37936 ], [ 15.85955, 38.38225 ], [ 15.87692, 38.42328 ], [ 15.89015, 38.43883 ], [ 15.90194, 38.43945 ], [ 15.90761, 38.44514 ], [ 15.90206, 38.44637 ], [ 15.9155, 38.46947 ], [ 15.91043, 38.47046 ], [ 15.89993, 38.44881 ], [ 15.89478, 38.44639 ], [ 15.91053, 38.47755 ], [ 15.93084, 38.54605 ], [ 15.8442, 38.61318 ], [ 15.82706, 38.61894 ], [ 15.83597, 38.64489 ], [ 15.84795, 38.65848 ], [ 15.89474, 38.67994 ], [ 15.9482, 38.69122 ], [ 15.98642, 38.72316 ], [ 16.04125, 38.72718 ], [ 16.1062, 38.71198 ], [ 16.11942, 38.71823 ], [ 16.12919, 38.71592 ], [ 16.13894, 38.71978 ], [ 16.18853, 38.75612 ], [ 16.21531, 38.81801 ], [ 16.22133, 38.86633 ], [ 16.21516, 38.92605 ], [ 16.21121, 38.93083 ], [ 16.18457, 38.93751 ], [ 16.17111, 38.94814 ], [ 16.15794, 38.95017 ], [ 16.1355, 38.991 ], [ 16.09915, 39.02919 ], [ 16.06648, 39.14042 ], [ 16.05311, 39.28886 ], [ 16.03861, 39.34069 ], [ 15.98655, 39.45497 ], [ 15.96166, 39.47529 ], [ 15.9252, 39.52653 ], [ 15.88573, 39.54172 ], [ 15.87403, 39.55461 ], [ 15.83339, 39.66348 ], [ 15.81628, 39.67974 ], [ 15.78548, 39.81664 ], [ 15.76906, 39.83558 ], [ 15.77949, 39.84791 ], [ 15.78929, 39.84971 ], [ 15.79183, 39.86212 ], [ 15.77898, 39.89367 ], [ 15.75583, 39.92352 ], [ 15.76586, 39.9306 ], [ 15.77398, 39.96151 ], [ 15.79704, 39.97448 ], [ 15.82088, 40.00188 ], [ 15.84828, 40.00637 ], [ 15.8681, 39.98872 ], [ 15.8786, 39.9962 ], [ 15.88967, 39.99458 ], [ 15.89777, 39.98167 ], [ 15.92802, 40.00107 ], [ 15.96874, 39.99161 ], [ 15.97821, 39.98374 ], [ 16.00224, 39.98818 ], [ 16.0086, 39.99648 ], [ 16.02958, 39.99351 ], [ 16.03359, 39.98235 ], [ 16.01908, 39.97361 ], [ 16.0068, 39.95731 ], [ 16.02091, 39.93253 ], [ 16.01653, 39.92575 ], [ 16.04153, 39.91211 ], [ 16.04902, 39.8948 ], [ 16.08104, 39.89629 ], [ 16.10137, 39.90642 ], [ 16.12797, 39.90589 ], [ 16.13797, 39.90141 ], [ 16.15804, 39.91968 ], [ 16.21469, 39.89598 ], [ 16.21937, 39.91759 ], [ 16.21428, 39.9266 ], [ 16.23361, 39.92465 ], [ 16.26673, 39.93488 ], [ 16.28331, 39.93091 ], [ 16.30539, 39.93354 ], [ 16.31624, 39.92912 ], [ 16.3506, 39.89873 ], [ 16.35884, 39.91601 ], [ 16.33991, 39.93727 ], [ 16.3469, 39.94937 ], [ 16.35809, 39.9541 ], [ 16.36076, 39.96641 ], [ 16.39838, 40.01694 ], [ 16.39364, 40.0451 ], [ 16.41424, 40.08068 ], [ 16.4153, 40.10397 ], [ 16.40974, 40.11999 ], [ 16.41992, 40.12852 ], [ 16.42112, 40.14393 ], [ 16.43407, 40.12767 ], [ 16.4525, 40.13462 ], [ 16.47027, 40.13408 ], [ 16.49455, 40.12467 ], [ 16.50309, 40.1299 ], [ 16.51772, 40.12871 ], [ 16.53001, 40.11809 ], [ 16.56186, 40.12988 ], [ 16.59178, 40.13261 ] ] ] ] } },
{ "type": "Feature", "properties": { "COD_RIP": 5, "COD_REG": 19, "DEN_REG": "Sicilia", "Shape_Leng": 1333306.4084900001, "Shape_Area": 25830991475.400002 }, "geometry": { "type": "MultiPolygon", "coordinates": [ [ [ [ 12.55708, 35.51004 ], [ 12.5601, 35.50894 ], [ 12.56001, 35.50886 ], [ 12.55708, 35.51004 ] ] ], [ [ [ 12.52828, 35.52898 ], [ 12.52804, 35.52868 ], [ 12.52784, 35.52902 ], [ 12.52828, 35.52898 ] ] ], [ [ [ 12.52651, 35.52802 ], [ 12.5913, 35.52114 ], [ 12.6075, 35.52449 ], [ 12.62792, 35.52041 ], [ 12.6331, 35.51587 ], [ 12.62596, 35.51468 ], [ 12.62543, 35.50547 ], [ 12.63317, 35.50181 ], [ 12.63218, 35.49416 ], [ 12.60843, 35.49363 ], [ 12.60434, 35.50265 ], [ 12.60017, 35.49753 ], [ 12.59374, 35.49844 ], [ 12.56359, 35.51163 ], [ 12.5173, 35.52019 ], [ 12.52651, 35.52802 ] ] ], [ [ [ 12.32271, 35.55208 ], [ 12.31995, 35.55123 ], [ 12.32066, 35.55328 ], [ 12.32271, 35.55208 ] ] ], [ [ [ 12.87543, 35.87538 ], [ 12.8815, 35.85513 ], [ 12.85852, 35.85536 ], [ 12.85018, 35.87137 ], [ 12.87543, 35.87538 ] ] ], [ [ [ 12.05339, 36.7569 ], [ 12.05288, 36.75674 ], [ 12.05291, 36.7571 ], [ 12.05339, 36.7569 ] ] ], [ [ [ 15.07678, 36.64579 ], [ 15.07804, 36.64408 ], [ 15.07715, 36.64429 ], [ 15.07678, 36.64579 ] ] ], [ [ [ 14.93263, 36.68615 ], [ 14.93149, 36.68603 ], [ 14.93194, 36.68659 ], [ 14.93263, 36.68615 ] ] ], [ [ [ 12.05247, 36.79903 ], [ 12.05174, 36.79893 ], [ 12.05238, 36.79933 ], [ 12.05247, 36.79903 ] ] ], [ [ [ 15.15192, 36.6893 ], [ 15.15154, 36.68495 ], [ 15.14362, 36.68149 ], [ 15.14614, 36.68833 ], [ 15.15192, 36.6893 ] ] ], [ [ [ 11.95456, 36.83938 ], [ 11.97338, 36.83488 ], [ 11.9893, 36.82281 ], [ 12.01332, 36.82516 ], [ 12.04961, 36.79762 ], [ 12.05506, 36.76308 ], [ 12.04726, 36.74976 ], [ 12.02716, 36.7357 ], [ 11.99293, 36.73739 ], [ 11.98234, 36.74448 ], [ 11.97208, 36.76368 ], [ 11.95608, 36.77201 ], [ 11.95109, 36.7837 ], [ 11.92705, 36.80184 ], [ 11.92841, 36.82534 ], [ 11.93549, 36.83337 ], [ 11.94227, 36.8309 ], [ 11.94465, 36.83629 ], [ 11.95456, 36.83938 ] ] ], [ [ [ 15.11842, 36.73849 ], [ 15.11913, 36.73796 ], [ 15.11836, 36.73806 ], [ 15.11842, 36.73849 ] ] ], [ [ [ 15.10633, 36.79255 ], [ 15.10347, 36.79234 ], [ 15.10464, 36.79296 ], [ 15.10633, 36.79255 ] ] ], [ [ [ 15.26289, 36.97897 ], [ 15.26488, 36.97901 ], [ 15.26485, 36.97882 ], [ 15.26289, 36.97897 ] ] ], [ [ [ 15.30262, 37.04428 ], [ 15.30247, 37.0436 ], [ 15.30217, 37.04356 ], [ 15.30262, 37.04428 ] ] ], [ [ [ 13.85734, 37.11281 ], [ 13.85603, 37.11177 ], [ 13.85559, 37.11282 ], [ 13.85734, 37.11281 ] ] ], [ [ [ 15.20447, 37.23655 ], [ 15.20562, 37.23568 ], [ 15.20333, 37.23551 ], [ 15.20447, 37.23655 ] ] ], [ [ [ 15.16597, 37.55956 ], [ 15.1652, 37.55947 ], [ 15.16512, 37.56015 ], [ 15.16597, 37.55956 ] ] ], [ [ [ 15.16643, 37.56056 ], [ 15.16583, 37.56055 ], [ 15.16572, 37.56088 ], [ 15.16643, 37.56056 ] ] ], [ [ [ 15.16567, 37.56111 ], [ 15.16768, 37.56153 ], [ 15.16727, 37.56054 ], [ 15.16567, 37.56111 ] ] ], [ [ [ 12.46933, 37.73078 ], [ 12.46983, 37.73032 ], [ 12.46891, 37.73084 ], [ 12.46933, 37.73078 ] ] ], [ [ [ 12.45705, 37.86303 ], [ 12.45648, 37.86246 ], [ 12.45626, 37.86291 ], [ 12.45705, 37.86303 ] ] ], [ [ [ 12.47119, 37.87032 ], [ 12.47165, 37.86595 ], [ 12.46513, 37.86406 ], [ 12.46457, 37.86931 ], [ 12.47119, 37.87032 ] ] ], [ [ [ 12.45532, 37.88738 ], [ 12.46518, 37.87956 ], [ 12.46518, 37.87865 ], [ 12.45846, 37.88178 ], [ 12.45532, 37.88738 ] ] ], [ [ [ 12.45537, 37.90489 ], [ 12.45506, 37.89937 ], [ 12.44773, 37.89548 ], [ 12.45181, 37.85291 ], [ 12.44649, 37.84405 ], [ 12.42939, 37.89513 ], [ 12.45537, 37.90489 ] ] ], [ [ [ 12.29924, 37.91223 ], [ 12.29797, 37.91199 ], [ 12.29836, 37.91284 ], [ 12.29924, 37.91223 ] ] ], [ [ [ 12.29009, 37.91507 ], [ 12.29073, 37.91429 ], [ 12.28899, 37.91356 ], [ 12.29009, 37.91507 ] ] ], [ [ [ 12.30049, 37.91503 ], [ 12.30413, 37.91471 ], [ 12.30208, 37.91358 ], [ 12.30049, 37.91503 ] ] ], [ [ [ 12.30812, 37.95567 ], [ 12.32297, 37.93121 ], [ 12.34438, 37.93662 ], [ 12.3558, 37.92553 ], [ 12.36918, 37.92238 ], [ 12.36581, 37.90617 ], [ 12.35073, 37.90734 ], [ 12.33727, 37.9198 ], [ 12.28768, 37.91537 ], [ 12.28148, 37.91959 ], [ 12.2733, 37.93724 ], [ 12.27792, 37.9448 ], [ 12.28982, 37.94296 ], [ 12.30812, 37.95567 ] ] ], [ [ [ 15.29988, 37.85023 ], [ 15.30158, 37.85005 ], [ 15.30098, 37.8494 ], [ 15.29988, 37.85023 ] ] ], [ [ [ 12.06317, 37.99327 ], [ 12.06461, 37.97949 ], [ 12.08158, 37.95143 ], [ 12.09145, 37.94763 ], [ 12.08304, 37.94566 ], [ 12.04982, 37.95534 ], [ 12.03377, 37.98863 ], [ 12.02823, 37.99107 ], [ 12.06057, 37.99026 ], [ 12.06317, 37.99327 ] ] ], [ [ [ 12.32792, 37.98632 ], [ 12.32876, 37.98691 ], [ 12.32961, 37.98631 ], [ 12.32792, 37.98632 ] ] ], [ [ [ 12.42349, 37.98871 ], [ 12.42686, 37.98942 ], [ 12.42597, 37.98774 ], [ 12.42349, 37.98871 ] ] ], [ [ [ 12.41447, 37.99035 ], [ 12.41538, 37.98829 ], [ 12.41127, 37.99234 ], [ 12.41447, 37.99035 ] ] ], [ [ [ 12.49416, 38.01157 ], [ 12.49742, 38.00924 ], [ 12.49742, 38.00504 ], [ 12.49416, 38.01157 ] ] ], [ [ [ 12.48876, 38.0128 ], [ 12.48844, 38.01231 ], [ 12.48797, 38.01273 ], [ 12.48876, 38.0128 ] ] ], [ [ [ 12.33569, 38.02036 ], [ 12.35255, 37.99255 ], [ 12.33826, 37.98478 ], [ 12.32731, 37.98898 ], [ 12.32018, 38.00119 ], [ 12.33569, 38.02036 ] ] ], [ [ [ 12.52893, 38.06409 ], [ 12.52976, 38.06435 ], [ 12.5291, 38.06379 ], [ 12.52893, 38.06409 ] ] ], [ [ [ 13.538, 38.11358 ], [ 13.53721, 38.11344 ], [ 13.53812, 38.11379 ], [ 13.538, 38.11358 ] ] ], [ [ [ 13.23377, 38.21029 ], [ 13.23758, 38.21122 ], [ 13.23748, 38.20764 ], [ 13.23377, 38.21029 ] ] ], [ [ [ 14.82559, 38.16537 ], [ 14.82533, 38.1649 ], [ 14.8251, 38.16523 ], [ 14.82559, 38.16537 ] ] ], [ [ [ 14.99, 38.1612 ], [ 14.98956, 38.16089 ], [ 14.98978, 38.16121 ], [ 14.99, 38.1612 ] ] ], [ [ [ 15.22395, 38.26832 ], [ 15.22405, 38.26778 ], [ 15.22365, 38.2681 ], [ 15.22395, 38.26832 ] ] ], [ [ [ 15.5461, 38.30102 ], [ 15.5782, 38.28381 ], [ 15.60867, 38.2748 ], [ 15.64731, 38.27126 ], [ 15.65215, 38.26481 ], [ 15.61144, 38.2567 ], [ 15.58218, 38.24536 ], [ 15.56753, 38.22445 ], [ 15.55759, 38.19038 ], [ 15.56693, 38.19063 ], [ 15.56957, 38.19584 ], [ 15.56241, 38.19655 ], [ 15.56643, 38.19776 ], [ 15.57461, 38.19322 ], [ 15.53286, 38.14609 ], [ 15.4936, 38.07461 ], [ 15.47506, 38.05248 ], [ 15.44224, 38.02518 ], [ 15.34935, 37.9234 ], [ 15.34117, 37.90895 ], [ 15.30596, 37.87787 ], [ 15.2966, 37.86238 ], [ 15.30189, 37.85281 ], [ 15.28616, 37.84764 ], [ 15.27309, 37.83581 ], [ 15.27067, 37.81814 ], [ 15.244, 37.79502 ], [ 15.21382, 37.7565 ], [ 15.205, 37.73698 ], [ 15.21835, 37.70837 ], [ 15.19921, 37.67674 ], [ 15.19919, 37.65434 ], [ 15.17472, 37.63276 ], [ 15.17714, 37.57626 ], [ 15.16634, 37.57195 ], [ 15.14311, 37.54359 ], [ 15.1154, 37.53042 ], [ 15.11745, 37.52347 ], [ 15.09861, 37.50121 ], [ 15.1003, 37.4926 ], [ 15.09985, 37.4839 ], [ 15.09577, 37.50141 ], [ 15.0862, 37.48221 ], [ 15.09175, 37.35314 ], [ 15.10004, 37.31678 ], [ 15.10527, 37.31018 ], [ 15.13473, 37.30953 ], [ 15.16164, 37.28929 ], [ 15.17162, 37.29319 ], [ 15.18913, 37.28177 ], [ 15.19478, 37.28255 ], [ 15.19745, 37.29215 ], [ 15.20616, 37.29342 ], [ 15.2556, 37.2414 ], [ 15.24716, 37.23203 ], [ 15.23116, 37.24292 ], [ 15.2238, 37.23889 ], [ 15.23245, 37.19845 ], [ 15.21655, 37.22415 ], [ 15.21281, 37.24656 ], [ 15.19746, 37.23541 ], [ 15.18595, 37.23643 ], [ 15.19493, 37.22618 ], [ 15.18507, 37.2164 ], [ 15.18427, 37.1998 ], [ 15.18771, 37.19005 ], [ 15.19876, 37.18443 ], [ 15.19967, 37.16502 ], [ 15.20583, 37.15356 ], [ 15.22057, 37.15007 ], [ 15.22685, 37.15311 ], [ 15.22617, 37.15847 ], [ 15.23361, 37.15913 ], [ 15.24409, 37.14639 ], [ 15.22962, 37.15258 ], [ 15.22439, 37.15067 ], [ 15.22154, 37.12805 ], [ 15.26091, 37.10677 ], [ 15.28218, 37.11019 ], [ 15.29575, 37.10674 ], [ 15.3, 37.07943 ], [ 15.29028, 37.06646 ], [ 15.29618, 37.06553 ], [ 15.2972, 37.058 ], [ 15.29425, 37.05441 ], [ 15.2808, 37.06552 ], [ 15.27452, 37.06234 ], [ 15.27054, 37.05419 ], [ 15.27564, 37.03938 ], [ 15.28929, 37.03262 ], [ 15.30328, 37.04293 ], [ 15.31598, 37.035 ], [ 15.33656, 37.00713 ], [ 15.33506, 37.00171 ], [ 15.31477, 37.00369 ], [ 15.30172, 37.01531 ], [ 15.28348, 37.00586 ], [ 15.27534, 37.00716 ], [ 15.26459, 36.9969 ], [ 15.26903, 36.98702 ], [ 15.25663, 36.98023 ], [ 15.26167, 36.97431 ], [ 15.23898, 36.9722 ], [ 15.21989, 36.96236 ], [ 15.21408, 36.96385 ], [ 15.20567, 36.95878 ], [ 15.20635, 36.95354 ], [ 15.18622, 36.94513 ], [ 15.17273, 36.92449 ], [ 15.15343, 36.91446 ], [ 15.14105, 36.8896 ], [ 15.13679, 36.86626 ], [ 15.12679, 36.86563 ], [ 15.11237, 36.85091 ], [ 15.10618, 36.83462 ], [ 15.10604, 36.8064 ], [ 15.09551, 36.79551 ], [ 15.09538, 36.77635 ], [ 15.12083, 36.73219 ], [ 15.12321, 36.70259 ], [ 15.13755, 36.68714 ], [ 15.13561, 36.67224 ], [ 15.12904, 36.66718 ], [ 15.12225, 36.67426 ], [ 15.11331, 36.6737 ], [ 15.10367, 36.66239 ], [ 15.07976, 36.64771 ], [ 15.07038, 36.65879 ], [ 15.05714, 36.66193 ], [ 15.04388, 36.68772 ], [ 15.01796, 36.70202 ], [ 14.99614, 36.70207 ], [ 14.97319, 36.69282 ], [ 14.95662, 36.69409 ], [ 14.91027, 36.72431 ], [ 14.87686, 36.7311 ], [ 14.84851, 36.72723 ], [ 14.83185, 36.71756 ], [ 14.8303, 36.7104 ], [ 14.81667, 36.7169 ], [ 14.78105, 36.70368 ], [ 14.77764, 36.71084 ], [ 14.75772, 36.71038 ], [ 14.74659, 36.72007 ], [ 14.70783, 36.71779 ], [ 14.69125, 36.7208 ], [ 14.67159, 36.74169 ], [ 14.62819, 36.76511 ], [ 14.55494, 36.78252 ], [ 14.53315, 36.78034 ], [ 14.51642, 36.78754 ], [ 14.49351, 36.78655 ], [ 14.46699, 36.81458 ], [ 14.46109, 36.81562 ], [ 14.45638, 36.83974 ], [ 14.43515, 36.88546 ], [ 14.42503, 36.89262 ], [ 14.42046, 36.90609 ], [ 14.38292, 36.95625 ], [ 14.30834, 37.02782 ], [ 14.27063, 37.05039 ], [ 14.26312, 37.04561 ], [ 14.26843, 37.0519 ], [ 14.25862, 37.05827 ], [ 14.22739, 37.06575 ], [ 14.19948, 37.08064 ], [ 14.15467, 37.09572 ], [ 14.07827, 37.11003 ], [ 13.98138, 37.10927 ], [ 13.93367, 37.09525 ], [ 13.92143, 37.09885 ], [ 13.8936, 37.098 ], [ 13.86555, 37.10952 ], [ 13.84256, 37.13479 ], [ 13.82408, 37.14449 ], [ 13.7504, 37.14944 ], [ 13.72832, 37.16894 ], [ 13.71153, 37.17199 ], [ 13.66182, 37.19622 ], [ 13.65594, 37.21162 ], [ 13.63886, 37.22979 ], [ 13.62226, 37.23444 ], [ 13.59565, 37.25717 ], [ 13.57676, 37.26092 ], [ 13.57637, 37.26824 ], [ 13.55552, 37.28544 ], [ 13.53253, 37.28397 ], [ 13.50659, 37.29171 ], [ 13.47922, 37.287 ], [ 13.4654, 37.29509 ], [ 13.44848, 37.29596 ], [ 13.42926, 37.3039 ], [ 13.40296, 37.33244 ], [ 13.3883, 37.3355 ], [ 13.3506, 37.35854 ], [ 13.32173, 37.36373 ], [ 13.30896, 37.37913 ], [ 13.29143, 37.39052 ], [ 13.27117, 37.39336 ], [ 13.25559, 37.42231 ], [ 13.23505, 37.43714 ], [ 13.21929, 37.45726 ], [ 13.20915, 37.46414 ], [ 13.19619, 37.46504 ], [ 13.18598, 37.47975 ], [ 13.16826, 37.49225 ], [ 13.14849, 37.49727 ], [ 13.13028, 37.49259 ], [ 13.07672, 37.5055 ], [ 13.05365, 37.50387 ], [ 13.03854, 37.49574 ], [ 13.02002, 37.49558 ], [ 13.01242, 37.5 ], [ 13.01339, 37.51048 ], [ 12.9929, 37.53647 ], [ 12.96268, 37.56275 ], [ 12.94547, 37.5716 ], [ 12.91772, 37.5771 ], [ 12.90694, 37.575 ], [ 12.8546, 37.58279 ], [ 12.78139, 37.58085 ], [ 12.67346, 37.56004 ], [ 12.64923, 37.57811 ], [ 12.62575, 37.60669 ], [ 12.61409, 37.63474 ], [ 12.60383, 37.64234 ], [ 12.57857, 37.65004 ], [ 12.55953, 37.6628 ], [ 12.51842, 37.6607 ], [ 12.47585, 37.69911 ], [ 12.47046, 37.70491 ], [ 12.47007, 37.74704 ], [ 12.44344, 37.78783 ], [ 12.42543, 37.80126 ], [ 12.44101, 37.81577 ], [ 12.44201, 37.81045 ], [ 12.46169, 37.8173 ], [ 12.4683, 37.82923 ], [ 12.46474, 37.84747 ], [ 12.47144, 37.84972 ], [ 12.48587, 37.87368 ], [ 12.4824, 37.88164 ], [ 12.46675, 37.89178 ], [ 12.46837, 37.89739 ], [ 12.45856, 37.90802 ], [ 12.49356, 37.95273 ], [ 12.49853, 37.96576 ], [ 12.49439, 37.98403 ], [ 12.50661, 37.99407 ], [ 12.51043, 38.00999 ], [ 12.51988, 38.00929 ], [ 12.51993, 38.01385 ], [ 12.49274, 38.01582 ], [ 12.51008, 38.01735 ], [ 12.52084, 38.02304 ], [ 12.55223, 38.04977 ], [ 12.55994, 38.06442 ], [ 12.56967, 38.06887 ], [ 12.60035, 38.065 ], [ 12.64471, 38.07845 ], [ 12.66287, 38.0945 ], [ 12.65679, 38.10731 ], [ 12.6608, 38.11193 ], [ 12.67804, 38.11396 ], [ 12.68903, 38.10557 ], [ 12.70958, 38.10901 ], [ 12.73744, 38.13936 ], [ 12.71593, 38.17287 ], [ 12.71776, 38.18092 ], [ 12.73113, 38.18957 ], [ 12.73167, 38.18024 ], [ 12.73857, 38.17588 ], [ 12.76815, 38.17956 ], [ 12.76841, 38.15442 ], [ 12.7712, 38.15044 ], [ 12.77966, 38.15044 ], [ 12.79089, 38.13475 ], [ 12.79008, 38.11192 ], [ 12.82713, 38.06629 ], [ 12.85743, 38.04883 ], [ 12.86816, 38.05112 ], [ 12.87347, 38.03462 ], [ 12.89272, 38.02441 ], [ 12.90266, 38.02463 ], [ 12.97282, 38.03847 ], [ 13.02891, 38.06288 ], [ 13.0387, 38.07176 ], [ 13.05292, 38.07262 ], [ 13.0757, 38.08666 ], [ 13.07193, 38.11182 ], [ 13.05303, 38.13713 ], [ 13.06591, 38.14333 ], [ 13.07221, 38.14166 ], [ 13.07077, 38.14806 ], [ 13.08484, 38.1614 ], [ 13.07877, 38.17383 ], [ 13.10533, 38.19049 ], [ 13.16004, 38.18581 ], [ 13.16306, 38.17108 ], [ 13.19139, 38.16933 ], [ 13.23308, 38.18322 ], [ 13.24377, 38.19268 ], [ 13.24178, 38.20034 ], [ 13.27401, 38.19822 ], [ 13.29626, 38.21747 ], [ 13.31762, 38.22441 ], [ 13.32766, 38.21166 ], [ 13.32888, 38.19985 ], [ 13.34657, 38.19121 ], [ 13.35594, 38.19138 ], [ 13.36572, 38.18228 ], [ 13.37622, 38.15218 ], [ 13.36967, 38.14421 ], [ 13.3749, 38.12853 ], [ 13.36891, 38.1355 ], [ 13.36269, 38.13402 ], [ 13.36267, 38.12984 ], [ 13.38426, 38.10866 ], [ 13.40533, 38.09993 ], [ 13.44272, 38.09481 ], [ 13.47223, 38.09786 ], [ 13.5044, 38.1077 ], [ 13.50744, 38.11945 ], [ 13.53294, 38.11171 ], [ 13.54217, 38.07778 ], [ 13.53712, 38.06554 ], [ 13.56454, 38.04074 ], [ 13.65106, 37.99853 ], [ 13.70864, 37.99119 ], [ 13.72152, 37.98704 ], [ 13.72349, 37.98555 ], [ 13.70364, 37.98993 ], [ 13.7084, 37.97878 ], [ 13.74496, 37.97014 ], [ 13.83518, 37.98289 ], [ 13.89597, 38.00413 ], [ 13.94582, 38.0282 ], [ 13.97159, 38.03379 ], [ 13.98184, 38.02934 ], [ 14.00608, 38.03244 ], [ 14.02278, 38.04134 ], [ 14.03229, 38.04006 ], [ 14.06512, 38.0185 ], [ 14.08495, 38.01972 ], [ 14.11041, 38.01488 ], [ 14.13155, 38.01851 ], [ 14.1461, 38.02669 ], [ 14.17235, 38.01875 ], [ 14.25347, 38.00866 ], [ 14.27458, 38.01121 ], [ 14.28846, 38.00701 ], [ 14.31184, 38.00827 ], [ 14.34159, 38.0192 ], [ 14.37283, 38.01584 ], [ 14.39906, 38.02456 ], [ 14.42687, 38.04055 ], [ 14.44054, 38.0402 ], [ 14.44775, 38.03411 ], [ 14.47043, 38.03299 ], [ 14.52205, 38.04165 ], [ 14.55642, 38.06012 ], [ 14.58523, 38.059 ], [ 14.62157, 38.07562 ], [ 14.62086, 38.07153 ], [ 14.63643, 38.07327 ], [ 14.67834, 38.09949 ], [ 14.74859, 38.16584 ], [ 14.76012, 38.15742 ], [ 14.79437, 38.15341 ], [ 14.88896, 38.17166 ], [ 14.91465, 38.1919 ], [ 14.94045, 38.17985 ], [ 14.97307, 38.15177 ], [ 15.04718, 38.14916 ], [ 15.05638, 38.14182 ], [ 15.05926, 38.12896 ], [ 15.08035, 38.12089 ], [ 15.09521, 38.12077 ], [ 15.17377, 38.15337 ], [ 15.21201, 38.18628 ], [ 15.22534, 38.20475 ], [ 15.24118, 38.24357 ], [ 15.23644, 38.24803 ], [ 15.23588, 38.26601 ], [ 15.2244, 38.27027 ], [ 15.2381, 38.26985 ], [ 15.25184, 38.25191 ], [ 15.24135, 38.21692 ], [ 15.2592, 38.20833 ], [ 15.29528, 38.20675 ], [ 15.35676, 38.21861 ], [ 15.43009, 38.24266 ], [ 15.5168, 38.29565 ], [ 15.5461, 38.30102 ] ] ], [ [ [ 14.93804, 38.39984 ], [ 14.93885, 38.39954 ], [ 14.93814, 38.3995 ], [ 14.93804, 38.39984 ] ] ], [ [ [ 14.95142, 38.42014 ], [ 14.95089, 38.42023 ], [ 14.95113, 38.42043 ], [ 14.95142, 38.42014 ] ] ], [ [ [ 14.95998, 38.43228 ], [ 14.9686, 38.42512 ], [ 14.96237, 38.41983 ], [ 14.96365, 38.41213 ], [ 14.98065, 38.40968 ], [ 14.99699, 38.39627 ], [ 15.0051, 38.37376 ], [ 14.99234, 38.36672 ], [ 14.97763, 38.36876 ], [ 14.95689, 38.38197 ], [ 14.93952, 38.40216 ], [ 14.93954, 38.41133 ], [ 14.95586, 38.41895 ], [ 14.95411, 38.4288 ], [ 14.95998, 38.43228 ] ] ], [ [ [ 14.89954, 38.49292 ], [ 14.89909, 38.4927 ], [ 14.89921, 38.49304 ], [ 14.89954, 38.49292 ] ] ], [ [ [ 14.95117, 38.52194 ], [ 14.95155, 38.52175 ], [ 14.95127, 38.52163 ], [ 14.95117, 38.52194 ] ] ], [ [ [ 14.96049, 38.52339 ], [ 14.96261, 38.49092 ], [ 14.98069, 38.48333 ], [ 14.97951, 38.47916 ], [ 14.9553, 38.47442 ], [ 14.96216, 38.45123 ], [ 14.95405, 38.43916 ], [ 14.94233, 38.44259 ], [ 14.93458, 38.45947 ], [ 14.91317, 38.46501 ], [ 14.89961, 38.47818 ], [ 14.89943, 38.4857 ], [ 14.90452, 38.51088 ], [ 14.91253, 38.51837 ], [ 14.92619, 38.523 ], [ 14.94559, 38.51964 ], [ 14.96049, 38.52339 ] ] ], [ [ [ 14.36188, 38.55434 ], [ 14.36649, 38.54962 ], [ 14.36031, 38.53266 ], [ 14.3445, 38.53205 ], [ 14.34029, 38.54825 ], [ 14.34782, 38.55368 ], [ 14.36188, 38.55434 ] ] ], [ [ [ 14.54407, 38.58541 ], [ 14.57693, 38.58035 ], [ 14.58037, 38.56244 ], [ 14.59274, 38.55921 ], [ 14.59307, 38.55563 ], [ 14.58708, 38.55359 ], [ 14.55373, 38.56042 ], [ 14.53935, 38.57755 ], [ 14.54407, 38.58541 ] ] ], [ [ [ 14.80155, 38.57937 ], [ 14.80016, 38.57925 ], [ 14.80043, 38.57979 ], [ 14.80155, 38.57937 ] ] ], [ [ [ 14.86698, 38.58308 ], [ 14.87251, 38.58017 ], [ 14.87457, 38.56177 ], [ 14.86688, 38.53621 ], [ 14.85012, 38.53622 ], [ 14.80664, 38.55332 ], [ 14.79618, 38.56141 ], [ 14.80781, 38.58244 ], [ 14.84568, 38.57944 ], [ 14.86698, 38.58308 ] ] ], [ [ [ 15.06247, 38.62448 ], [ 15.06323, 38.62424 ], [ 15.06218, 38.62406 ], [ 15.06247, 38.62448 ] ] ], [ [ [ 13.15629, 38.71575 ], [ 13.15538, 38.71568 ], [ 13.1563, 38.71618 ], [ 13.15629, 38.71575 ] ] ], [ [ [ 15.10693, 38.63515 ], [ 15.10659, 38.6353 ], [ 15.1069, 38.63541 ], [ 15.10693, 38.63515 ] ] ], [ [ [ 13.18067, 38.72067 ], [ 13.19816, 38.71346 ], [ 13.19972, 38.70863 ], [ 13.17385, 38.69179 ], [ 13.15363, 38.69369 ], [ 13.16322, 38.71344 ], [ 13.18067, 38.72067 ] ] ], [ [ [ 15.11135, 38.63782 ], [ 15.1102, 38.638 ], [ 15.11022, 38.6385 ], [ 15.11135, 38.63782 ] ] ], [ [ [ 15.09582, 38.63941 ], [ 15.09814, 38.63878 ], [ 15.09673, 38.63865 ], [ 15.09582, 38.63941 ] ] ], [ [ [ 15.11244, 38.63933 ], [ 15.11571, 38.63897 ], [ 15.11516, 38.63863 ], [ 15.11244, 38.63933 ] ] ], [ [ [ 15.09932, 38.64272 ], [ 15.10001, 38.64215 ], [ 15.09986, 38.64201 ], [ 15.09932, 38.64272 ] ] ], [ [ [ 15.06424, 38.64728 ], [ 15.06448, 38.64656 ], [ 15.06358, 38.64707 ], [ 15.06424, 38.64728 ] ] ], [ [ [ 15.07287, 38.64666 ], [ 15.07742, 38.6413 ], [ 15.07523, 38.6313 ], [ 15.05636, 38.6251 ], [ 15.06013, 38.64371 ], [ 15.07287, 38.64666 ] ] ], [ [ [ 15.10784, 38.665 ], [ 15.10913, 38.66432 ], [ 15.1076, 38.66497 ], [ 15.10784, 38.665 ] ] ], [ [ [ 15.11027, 38.66206 ], [ 15.11784, 38.66458 ], [ 15.11796, 38.66107 ], [ 15.11027, 38.66206 ] ] ], [ [ [ 15.2214, 38.81195 ], [ 15.24315, 38.80261 ], [ 15.22688, 38.77723 ], [ 15.21722, 38.7724 ], [ 15.19453, 38.78127 ], [ 15.18746, 38.79065 ], [ 15.18966, 38.79605 ], [ 15.2214, 38.81195 ] ] ], [ [ [ 15.25159, 38.8177 ], [ 15.2519, 38.81697 ], [ 15.25124, 38.81766 ], [ 15.25159, 38.8177 ] ] ] ] } },
{ "type": "Feature", "properties": { "COD_RIP": 5, "COD_REG": 20, "DEN_REG": "Sardegna", "Shape_Leng": 1445404.75171, "Shape_Area": 24108348732.900002 }, "geometry": { "type": "MultiPolygon", "coordinates": [ [ [ [ 8.40833, 38.86335 ], [ 8.41215, 38.86064 ], [ 8.40851, 38.85919 ], [ 8.40833, 38.86335 ] ] ], [ [ [ 8.8249, 38.88174 ], [ 8.82537, 38.8812 ], [ 8.82444, 38.88106 ], [ 8.8249, 38.88174 ] ] ], [ [ [ 8.82648, 38.88206 ], [ 8.82731, 38.88136 ], [ 8.82621, 38.88167 ], [ 8.82648, 38.88206 ] ] ], [ [ [ 8.86522, 38.88257 ], [ 8.86407, 38.88142 ], [ 8.86378, 38.8826 ], [ 8.86522, 38.88257 ] ] ], [ [ [ 8.81441, 38.89244 ], [ 8.81176, 38.88971 ], [ 8.81361, 38.8931 ], [ 8.81441, 38.89244 ] ] ], [ [ [ 8.89042, 38.89848 ], [ 8.89051, 38.89677 ], [ 8.88984, 38.89824 ], [ 8.89042, 38.89848 ] ] ], [ [ [ 8.766, 38.91477 ], [ 8.76491, 38.91418 ], [ 8.76572, 38.91494 ], [ 8.766, 38.91477 ] ] ], [ [ [ 8.71535, 38.91598 ], [ 8.71686, 38.9127 ], [ 8.71502, 38.91249 ], [ 8.71535, 38.91598 ] ] ], [ [ [ 8.45162, 38.93624 ], [ 8.44806, 38.93598 ], [ 8.44958, 38.93942 ], [ 8.45162, 38.93624 ] ] ], [ [ [ 8.45097, 38.94144 ], [ 8.44984, 38.94143 ], [ 8.45068, 38.9421 ], [ 8.45097, 38.94144 ] ] ], [ [ [ 9.02321, 38.98515 ], [ 9.02379, 38.98452 ], [ 9.02206, 38.98491 ], [ 9.02321, 38.98515 ] ] ], [ [ [ 9.03307, 39.00349 ], [ 9.03132, 39.00371 ], [ 9.0325, 39.00452 ], [ 9.03307, 39.00349 ] ] ], [ [ [ 8.34552, 39.07661 ], [ 8.34543, 39.07632 ], [ 8.34505, 39.07689 ], [ 8.34552, 39.07661 ] ] ], [ [ [ 9.53678, 39.08156 ], [ 9.53573, 39.08114 ], [ 9.53594, 39.08197 ], [ 9.53678, 39.08156 ] ] ], [ [ [ 8.46386, 39.08217 ], [ 8.4631, 39.08206 ], [ 8.46373, 39.08238 ], [ 8.46386, 39.08217 ] ] ], [ [ [ 9.53909, 39.08322 ], [ 9.54002, 39.08214 ], [ 9.53953, 39.08224 ], [ 9.53909, 39.08322 ] ] ], [ [ [ 9.54066, 39.08409 ], [ 9.54065, 39.0833 ], [ 9.54002, 39.08376 ], [ 9.54066, 39.08409 ] ] ], [ [ [ 9.53604, 39.08487 ], [ 9.53726, 39.08459 ], [ 9.53717, 39.08439 ], [ 9.53604, 39.08487 ] ] ], [ [ [ 9.53005, 39.08996 ], [ 9.53508, 39.08827 ], [ 9.53371, 39.08233 ], [ 9.52689, 39.08464 ], [ 9.53005, 39.08996 ] ] ], [ [ [ 8.43838, 39.1055 ], [ 8.43705, 39.1052 ], [ 8.43772, 39.10583 ], [ 8.43838, 39.1055 ] ] ], [ [ [ 9.6069, 39.14427 ], [ 9.60788, 39.13787 ], [ 9.60478, 39.13368 ], [ 9.60388, 39.14015 ], [ 9.6069, 39.14427 ] ] ], [ [ [ 9.60509, 39.14793 ], [ 9.60244, 39.14783 ], [ 9.60321, 39.14866 ], [ 9.60509, 39.14793 ] ] ], [ [ [ 8.20803, 39.1476 ], [ 8.20784, 39.14717 ], [ 8.20729, 39.1476 ], [ 8.20803, 39.1476 ] ] ], [ [ [ 9.60572, 39.15014 ], [ 9.60566, 39.14852 ], [ 9.60488, 39.14841 ], [ 9.60572, 39.15014 ] ] ], [ [ [ 9.60452, 39.15229 ], [ 9.6044, 39.15092 ], [ 9.60397, 39.15208 ], [ 9.60452, 39.15229 ] ] ], [ [ [ 8.24277, 39.16697 ], [ 8.24255, 39.1661 ], [ 8.24144, 39.16643 ], [ 8.24277, 39.16697 ] ] ], [ [ [ 8.26244, 39.17583 ], [ 8.2625, 39.17518 ], [ 8.26211, 39.17579 ], [ 8.26244, 39.17583 ] ] ], [ [ [ 8.31973, 39.18557 ], [ 8.31784, 39.18573 ], [ 8.31814, 39.18666 ], [ 8.31973, 39.18557 ] ] ], [ [ [ 8.30929, 39.18779 ], [ 8.3101, 39.11256 ], [ 8.29726, 39.09695 ], [ 8.27934, 39.09586 ], [ 8.24791, 39.10848 ], [ 8.25494, 39.11504 ], [ 8.25057, 39.13259 ], [ 8.21961, 39.14779 ], [ 8.23003, 39.16496 ], [ 8.24212, 39.16414 ], [ 8.25703, 39.16968 ], [ 8.26749, 39.17865 ], [ 8.29664, 39.17926 ], [ 8.30929, 39.18779 ] ] ], [ [ [ 8.32475, 39.1917 ], [ 8.32034, 39.18902 ], [ 8.31715, 39.19047 ], [ 8.31969, 39.19539 ], [ 8.32475, 39.1917 ] ] ], [ [ [ 8.36956, 39.20019 ], [ 8.36921, 39.19945 ], [ 8.36865, 39.19994 ], [ 8.36956, 39.20019 ] ] ], [ [ [ 8.35712, 39.22615 ], [ 8.35612, 39.22622 ], [ 8.35619, 39.22723 ], [ 8.35712, 39.22615 ] ] ], [ [ [ 8.3556, 39.22846 ], [ 8.35532, 39.2275 ], [ 8.35529, 39.22856 ], [ 8.3556, 39.22846 ] ] ], [ [ [ 8.43238, 39.30538 ], [ 8.43194, 39.30497 ], [ 8.43181, 39.30533 ], [ 8.43238, 39.30538 ] ] ], [ [ [ 9.62719, 39.30789 ], [ 9.62808, 39.30822 ], [ 9.62742, 39.30773 ], [ 9.62719, 39.30789 ] ] ], [ [ [ 8.42635, 39.31236 ], [ 8.42747, 39.31215 ], [ 8.42751, 39.31199 ], [ 8.42635, 39.31236 ] ] ], [ [ [ 8.42476, 39.31626 ], [ 8.42412, 39.31609 ], [ 8.42411, 39.31634 ], [ 8.42476, 39.31626 ] ] ], [ [ [ 8.39832, 39.33475 ], [ 8.40167, 39.33376 ], [ 8.39774, 39.33387 ], [ 8.39832, 39.33475 ] ] ], [ [ [ 9.6584, 39.52486 ], [ 9.65801, 39.52437 ], [ 9.65799, 39.52509 ], [ 9.6584, 39.52486 ] ] ], [ [ [ 9.65898, 39.5251 ], [ 9.65916, 39.52417 ], [ 9.65848, 39.52494 ], [ 9.65898, 39.5251 ] ] ], [ [ [ 9.67171, 39.70488 ], [ 9.67105, 39.70468 ], [ 9.67104, 39.70511 ], [ 9.67171, 39.70488 ] ] ], [ [ [ 8.27508, 39.88208 ], [ 8.27615, 39.88134 ], [ 8.27507, 39.88147 ], [ 8.27508, 39.88208 ] ] ], [ [ [ 9.70287, 39.97324 ], [ 9.70556, 39.97473 ], [ 9.70637, 39.9736 ], [ 9.70287, 39.97324 ] ] ], [ [ [ 9.70724, 39.97626 ], [ 9.70672, 39.97568 ], [ 9.70675, 39.97654 ], [ 9.70724, 39.97626 ] ] ], [ [ [ 9.70862, 39.97645 ], [ 9.70775, 39.97679 ], [ 9.70805, 39.97689 ], [ 9.70862, 39.97645 ] ] ], [ [ [ 8.31183, 39.99674 ], [ 8.31212, 39.99022 ], [ 8.29977, 39.98496 ], [ 8.30034, 39.99211 ], [ 8.31183, 39.99674 ] ] ], [ [ [ 8.40423, 40.0539 ], [ 8.40288, 40.05361 ], [ 8.4031, 40.05439 ], [ 8.40423, 40.0539 ] ] ], [ [ [ 8.48671, 40.09258 ], [ 8.48723, 40.09223 ], [ 8.48634, 40.09269 ], [ 8.48671, 40.09258 ] ] ], [ [ [ 8.48727, 40.09287 ], [ 8.48762, 40.0935 ], [ 8.48786, 40.0928 ], [ 8.48727, 40.09287 ] ] ], [ [ [ 8.48578, 40.09449 ], [ 8.48555, 40.09439 ], [ 8.48558, 40.09467 ], [ 8.48578, 40.09449 ] ] ], [ [ [ 8.48652, 40.09466 ], [ 8.48635, 40.09444 ], [ 8.48621, 40.09483 ], [ 8.48652, 40.09466 ] ] ], [ [ [ 8.45453, 40.20998 ], [ 8.4565, 40.20962 ], [ 8.45605, 40.20908 ], [ 8.45453, 40.20998 ] ] ], [ [ [ 8.3772, 40.35986 ], [ 8.37774, 40.36066 ], [ 8.37816, 40.36027 ], [ 8.3772, 40.35986 ] ] ], [ [ [ 8.33665, 40.50012 ], [ 8.3372, 40.49921 ], [ 8.33639, 40.49997 ], [ 8.33665, 40.50012 ] ] ], [ [ [ 9.81902, 40.53992 ], [ 9.82052, 40.53901 ], [ 9.81647, 40.53786 ], [ 9.81902, 40.53992 ] ] ], [ [ [ 8.15064, 40.57161 ], [ 8.15234, 40.56961 ], [ 8.1501, 40.56902 ], [ 8.15064, 40.57161 ] ] ], [ [ [ 8.30041, 40.57227 ], [ 8.29943, 40.57201 ], [ 8.29997, 40.5731 ], [ 8.30041, 40.57227 ] ] ], [ [ [ 8.13955, 40.60525 ], [ 8.1442, 40.60393 ], [ 8.13836, 40.60201 ], [ 8.13955, 40.60525 ] ] ], [ [ [ 9.76661, 40.68499 ], [ 9.76711, 40.68495 ], [ 9.76692, 40.68478 ], [ 9.76661, 40.68499 ] ] ], [ [ [ 9.71842, 40.73687 ], [ 9.71772, 40.7361 ], [ 9.7172, 40.73633 ], [ 9.71842, 40.73687 ] ] ], [ [ [ 8.18801, 40.82527 ], [ 8.18709, 40.82559 ], [ 8.18741, 40.82576 ], [ 8.18801, 40.82527 ] ] ], [ [ [ 9.70864, 40.82877 ], [ 9.70666, 40.82722 ], [ 9.70754, 40.82888 ], [ 9.70864, 40.82877 ] ] ], [ [ [ 9.72391, 40.84597 ], [ 9.72468, 40.84613 ], [ 9.724, 40.84584 ], [ 9.72391, 40.84597 ] ] ], [ [ [ 9.72187, 40.84675 ], [ 9.72471, 40.84705 ], [ 9.72212, 40.84505 ], [ 9.72187, 40.84675 ] ] ], [ [ [ 9.67756, 40.86467 ], [ 9.67656, 40.86375 ], [ 9.67627, 40.8651 ], [ 9.67756, 40.86467 ] ] ], [ [ [ 9.7077, 40.87591 ], [ 9.7083, 40.87536 ], [ 9.70723, 40.87488 ], [ 9.7077, 40.87591 ] ] ], [ [ [ 9.77691, 40.87525 ], [ 9.7791, 40.8748 ], [ 9.77789, 40.87307 ], [ 9.77691, 40.87525 ] ] ], [ [ [ 9.72964, 40.87636 ], [ 9.7419, 40.86972 ], [ 9.73574, 40.85945 ], [ 9.71035, 40.86888 ], [ 9.71533, 40.87594 ], [ 9.72964, 40.87636 ] ] ], [ [ [ 9.67008, 40.87808 ], [ 9.67342, 40.87785 ], [ 9.67179, 40.87687 ], [ 9.67008, 40.87808 ] ] ], [ [ [ 8.21477, 40.88057 ], [ 8.21173, 40.88013 ], [ 8.21444, 40.88164 ], [ 8.21477, 40.88057 ] ] ], [ [ [ 9.63946, 40.88594 ], [ 9.64128, 40.88503 ], [ 9.63956, 40.8844 ], [ 9.63946, 40.88594 ] ] ], [ [ [ 9.64689, 40.8887 ], [ 9.65483, 40.88775 ], [ 9.64787, 40.88694 ], [ 9.64689, 40.8887 ] ] ], [ [ [ 9.66795, 40.89418 ], [ 9.66773, 40.89356 ], [ 9.66755, 40.89384 ], [ 9.66795, 40.89418 ] ] ], [ [ [ 9.67523, 40.89692 ], [ 9.67444, 40.89675 ], [ 9.67488, 40.89706 ], [ 9.67523, 40.89692 ] ] ], [ [ [ 9.58199, 40.90538 ], [ 9.58227, 40.90413 ], [ 9.58161, 40.90466 ], [ 9.58199, 40.90538 ] ] ], [ [ [ 9.50813, 40.91809 ], [ 9.50922, 40.91768 ], [ 9.50827, 40.91754 ], [ 9.50813, 40.91809 ] ] ], [ [ [ 8.71008, 40.91936 ], [ 8.71072, 40.91907 ], [ 8.71059, 40.91898 ], [ 8.71008, 40.91936 ] ] ], [ [ [ 9.64731, 40.91818 ], [ 9.647, 40.91711 ], [ 9.64638, 40.91722 ], [ 9.64731, 40.91818 ] ] ], [ [ [ 9.51128, 40.91799 ], [ 9.5107, 40.91659 ], [ 9.50766, 40.91661 ], [ 9.51128, 40.91799 ] ] ], [ [ [ 9.56708, 40.9204 ], [ 9.56574, 40.92014 ], [ 9.56713, 40.92049 ], [ 9.56708, 40.9204 ] ] ], [ [ [ 9.6384, 40.92051 ], [ 9.63787, 40.92059 ], [ 9.63811, 40.92072 ], [ 9.6384, 40.92051 ] ] ], [ [ [ 9.63261, 40.92076 ], [ 9.63177, 40.92025 ], [ 9.63225, 40.92068 ], [ 9.63261, 40.92076 ] ] ], [ [ [ 9.6417, 40.92038 ], [ 9.64095, 40.92048 ], [ 9.64127, 40.92096 ], [ 9.6417, 40.92038 ] ] ], [ [ [ 9.51149, 40.92162 ], [ 9.51149, 40.92016 ], [ 9.51058, 40.92058 ], [ 9.51149, 40.92162 ] ] ], [ [ [ 9.64109, 40.92138 ], [ 9.64202, 40.92103 ], [ 9.64105, 40.92127 ], [ 9.64109, 40.92138 ] ] ], [ [ [ 9.63292, 40.92162 ], [ 9.63416, 40.92138 ], [ 9.63324, 40.92071 ], [ 9.63292, 40.92162 ] ] ], [ [ [ 9.63536, 40.92375 ], [ 9.6349, 40.92334 ], [ 9.63526, 40.92378 ], [ 9.63536, 40.92375 ] ] ], [ [ [ 9.73695, 40.92758 ], [ 9.74163, 40.91108 ], [ 9.72058, 40.90505 ], [ 9.69278, 40.88785 ], [ 9.68555, 40.89239 ], [ 9.67399, 40.88986 ], [ 9.73695, 40.92758 ] ] ], [ [ [ 9.52766, 40.93122 ], [ 9.52599, 40.93012 ], [ 9.5262, 40.93202 ], [ 9.52766, 40.93122 ] ] ], [ [ [ 8.17353, 40.93961 ], [ 8.17412, 40.93894 ], [ 8.17361, 40.93893 ], [ 8.17353, 40.93961 ] ] ], [ [ [ 9.58929, 40.95923 ], [ 9.58787, 40.9578 ], [ 9.58774, 40.95898 ], [ 9.58929, 40.95923 ] ] ], [ [ [ 8.22556, 40.96725 ], [ 8.22473, 40.96657 ], [ 8.22377, 40.96761 ], [ 8.22556, 40.96725 ] ] ], [ [ [ 8.20555, 40.97109 ], [ 8.20798, 40.97034 ], [ 8.20728, 40.96981 ], [ 8.20555, 40.97109 ] ] ], [ [ [ 8.21198, 40.97221 ], [ 8.21217, 40.9714 ], [ 8.21181, 40.97174 ], [ 8.21198, 40.97221 ] ] ], [ [ [ 9.63995, 40.98255 ], [ 9.64651, 40.97978 ], [ 9.64295, 40.97775 ], [ 9.63995, 40.98255 ] ] ], [ [ [ 8.21542, 40.98237 ], [ 8.22439, 40.97786 ], [ 8.22098, 40.96832 ], [ 8.21391, 40.96947 ], [ 8.21542, 40.98237 ] ] ], [ [ [ 8.21283, 40.98572 ], [ 8.21384, 40.9854 ], [ 8.21257, 40.98556 ], [ 8.21283, 40.98572 ] ] ], [ [ [ 8.21214, 40.98589 ], [ 8.21103, 40.98553 ], [ 8.21143, 40.98605 ], [ 8.21214, 40.98589 ] ] ], [ [ [ 8.8617, 41.01486 ], [ 8.8638, 41.01261 ], [ 8.86246, 41.01253 ], [ 8.8617, 41.01486 ] ] ], [ [ [ 8.25108, 41.0283 ], [ 8.25316, 41.02831 ], [ 8.25196, 41.02709 ], [ 8.25108, 41.0283 ] ] ], [ [ [ 9.52862, 41.04233 ], [ 9.52906, 41.0414 ], [ 9.52764, 41.04225 ], [ 9.52862, 41.04233 ] ] ], [ [ [ 9.58021, 41.06744 ], [ 9.5822, 41.06924 ], [ 9.58486, 41.06819 ], [ 9.58021, 41.06744 ] ] ], [ [ [ 9.57697, 41.0687 ], [ 9.57961, 41.06308 ], [ 9.57071, 41.06183 ], [ 9.56959, 41.06468 ], [ 9.57697, 41.0687 ] ] ], [ [ [ 9.58425, 41.06976 ], [ 9.58848, 41.06946 ], [ 9.58771, 41.06878 ], [ 9.58425, 41.06976 ] ] ], [ [ [ 9.58774, 41.07474 ], [ 9.58659, 41.07467 ], [ 9.58716, 41.07507 ], [ 9.58774, 41.07474 ] ] ], [ [ [ 9.60198, 41.07911 ], [ 9.60137, 41.07943 ], [ 9.60204, 41.07938 ], [ 9.60198, 41.07911 ] ] ], [ [ [ 9.60972, 41.08224 ], [ 9.60724, 41.07155 ], [ 9.5976, 41.0747 ], [ 9.59743, 41.0771 ], [ 9.60972, 41.08224 ] ] ], [ [ [ 9.6187, 41.08634 ], [ 9.61846, 41.08583 ], [ 9.6181, 41.0861 ], [ 9.6187, 41.08634 ] ] ], [ [ [ 9.57932, 41.09247 ], [ 9.57856, 41.09224 ], [ 9.57853, 41.09259 ], [ 9.57932, 41.09247 ] ] ], [ [ [ 9.58133, 41.09413 ], [ 9.58023, 41.09383 ], [ 9.58036, 41.09459 ], [ 9.58133, 41.09413 ] ] ], [ [ [ 9.56817, 41.11743 ], [ 9.5699, 41.11569 ], [ 9.5688, 41.11573 ], [ 9.56817, 41.11743 ] ] ], [ [ [ 9.57039, 41.1191 ], [ 9.57056, 41.11733 ], [ 9.56991, 41.1175 ], [ 9.57039, 41.1191 ] ] ], [ [ [ 8.3186, 41.12071 ], [ 8.32599, 41.11369 ], [ 8.32278, 41.10595 ], [ 8.34266, 41.09767 ], [ 8.34789, 41.08972 ], [ 8.33534, 41.0794 ], [ 8.33896, 41.06082 ], [ 8.32568, 41.05387 ], [ 8.281, 41.06539 ], [ 8.27493, 41.05631 ], [ 8.2587, 41.0513 ], [ 8.26551, 41.04625 ], [ 8.23486, 41.02411 ], [ 8.24768, 41.027 ], [ 8.25129, 41.01269 ], [ 8.26384, 41.00094 ], [ 8.25824, 40.98857 ], [ 8.2551, 40.9853 ], [ 8.21029, 40.98776 ], [ 8.21084, 40.99285 ], [ 8.21767, 40.99301 ], [ 8.21142, 41.00373 ], [ 8.23026, 41.02321 ], [ 8.21952, 41.02851 ], [ 8.22048, 41.04102 ], [ 8.24509, 41.04721 ], [ 8.26522, 41.07151 ], [ 8.27384, 41.07622 ], [ 8.28424, 41.07517 ], [ 8.27293, 41.09666 ], [ 8.27552, 41.10455 ], [ 8.30483, 41.10633 ], [ 8.3186, 41.12071 ] ] ], [ [ [ 9.56456, 41.12354 ], [ 9.56556, 41.12239 ], [ 9.56402, 41.12294 ], [ 9.56456, 41.12354 ] ] ], [ [ [ 9.5691, 41.1266 ], [ 9.57181, 41.12685 ], [ 9.57092, 41.12597 ], [ 9.5691, 41.1266 ] ] ], [ [ [ 9.56886, 41.12796 ], [ 9.56641, 41.12477 ], [ 9.56393, 41.12455 ], [ 9.56502, 41.1269 ], [ 9.56886, 41.12796 ] ] ], [ [ [ 9.56629, 41.13194 ], [ 9.56795, 41.13109 ], [ 9.56701, 41.13002 ], [ 9.56629, 41.13194 ] ] ], [ [ [ 9.50055, 41.1529 ], [ 9.50378, 41.15375 ], [ 9.50368, 41.15276 ], [ 9.50055, 41.1529 ] ] ], [ [ [ 9.11907, 41.15755 ], [ 9.11999, 41.15845 ], [ 9.12041, 41.15768 ], [ 9.11907, 41.15755 ] ] ], [ [ [ 9.11921, 41.15848 ], [ 9.11884, 41.15811 ], [ 9.1188, 41.15838 ], [ 9.11921, 41.15848 ] ] ], [ [ [ 9.51763, 41.16411 ], [ 9.51896, 41.16399 ], [ 9.51928, 41.16363 ], [ 9.51763, 41.16411 ] ] ], [ [ [ 9.51659, 41.16626 ], [ 9.5276, 41.16252 ], [ 9.52239, 41.16188 ], [ 9.51659, 41.16626 ] ] ], [ [ [ 9.45953, 41.1745 ], [ 9.45902, 41.17399 ], [ 9.45901, 41.17466 ], [ 9.45953, 41.1745 ] ] ], [ [ [ 9.46008, 41.17569 ], [ 9.4618, 41.17276 ], [ 9.45976, 41.17289 ], [ 9.46008, 41.17569 ] ] ], [ [ [ 9.48726, 41.18407 ], [ 9.48799, 41.18353 ], [ 9.48734, 41.18363 ], [ 9.48726, 41.18407 ] ] ], [ [ [ 9.48373, 41.18351 ], [ 9.48722, 41.18239 ], [ 9.48674, 41.18056 ], [ 9.48373, 41.18351 ] ] ], [ [ [ 9.33176, 41.19114 ], [ 9.33547, 41.19026 ], [ 9.33151, 41.19008 ], [ 9.33176, 41.19114 ] ] ], [ [ [ 9.39557, 41.19699 ], [ 9.39731, 41.19593 ], [ 9.39589, 41.19583 ], [ 9.39557, 41.19699 ] ] ], [ [ [ 9.44247, 41.20249 ], [ 9.44323, 41.20127 ], [ 9.44201, 41.20267 ], [ 9.44247, 41.20249 ] ] ], [ [ [ 9.31736, 41.20244 ], [ 9.31839, 41.20249 ], [ 9.31838, 41.20219 ], [ 9.31736, 41.20244 ] ] ], [ [ [ 9.41923, 41.20762 ], [ 9.41903, 41.18871 ], [ 9.39685, 41.19037 ], [ 9.39822, 41.19786 ], [ 9.41923, 41.20762 ] ] ], [ [ [ 9.44592, 41.20832 ], [ 9.44694, 41.20806 ], [ 9.44602, 41.20801 ], [ 9.44592, 41.20832 ] ] ], [ [ [ 9.41604, 41.21416 ], [ 9.41886, 41.21133 ], [ 9.41717, 41.21006 ], [ 9.41604, 41.21416 ] ] ], [ [ [ 9.5187, 41.21581 ], [ 9.51813, 41.21556 ], [ 9.51832, 41.21603 ], [ 9.5187, 41.21581 ] ] ], [ [ [ 9.51656, 41.21628 ], [ 9.51686, 41.2158 ], [ 9.51656, 41.21584 ], [ 9.51656, 41.21628 ] ] ], [ [ [ 9.51852, 41.21828 ], [ 9.51872, 41.21757 ], [ 9.51821, 41.21808 ], [ 9.51852, 41.21828 ] ] ], [ [ [ 9.51934, 41.21899 ], [ 9.51923, 41.21807 ], [ 9.51849, 41.21865 ], [ 9.51934, 41.21899 ] ] ], [ [ [ 9.44731, 41.22295 ], [ 9.44988, 41.22127 ], [ 9.44721, 41.22294 ], [ 9.44731, 41.22295 ] ] ], [ [ [ 9.45501, 41.22523 ], [ 9.456, 41.22561 ], [ 9.45586, 41.22495 ], [ 9.45501, 41.22523 ] ] ], [ [ [ 9.33824, 41.22897 ], [ 9.33732, 41.22798 ], [ 9.33794, 41.22929 ], [ 9.33824, 41.22897 ] ] ], [ [ [ 9.45523, 41.22905 ], [ 9.45457, 41.22869 ], [ 9.45483, 41.22933 ], [ 9.45523, 41.22905 ] ] ], [ [ [ 9.2786, 41.23277 ], [ 9.27982, 41.23288 ], [ 9.27854, 41.23235 ], [ 9.2786, 41.23277 ] ] ], [ [ [ 9.15295, 41.24544 ], [ 9.15353, 41.24487 ], [ 9.15319, 41.24477 ], [ 9.15295, 41.24544 ] ] ], [ [ [ 9.35688, 41.24543 ], [ 9.35748, 41.24488 ], [ 9.35685, 41.24519 ], [ 9.35688, 41.24543 ] ] ], [ [ [ 9.47115, 41.24518 ], [ 9.48204, 41.23659 ], [ 9.4855, 41.21728 ], [ 9.47968, 41.2161 ], [ 9.47807, 41.19933 ], [ 9.46517, 41.18969 ], [ 9.46475, 41.18332 ], [ 9.48137, 41.18489 ], [ 9.47075, 41.17698 ], [ 9.47, 41.16885 ], [ 9.46945, 41.17681 ], [ 9.45353, 41.19217 ], [ 9.44165, 41.18143 ], [ 9.43648, 41.18123 ], [ 9.43575, 41.18741 ], [ 9.44805, 41.20053 ], [ 9.45636, 41.20001 ], [ 9.447, 41.21546 ], [ 9.45559, 41.22308 ], [ 9.45859, 41.22813 ], [ 9.46071, 41.2426 ], [ 9.47115, 41.24518 ] ] ], [ [ [ 9.3566, 41.24624 ], [ 9.3573, 41.24641 ], [ 9.35678, 41.24576 ], [ 9.3566, 41.24624 ] ] ], [ [ [ 9.39735, 41.25007 ], [ 9.39825, 41.2497 ], [ 9.39719, 41.24914 ], [ 9.39735, 41.25007 ] ] ], [ [ [ 9.18284, 41.2499 ], [ 9.18525, 41.25067 ], [ 9.18482, 41.24875 ], [ 9.18284, 41.2499 ] ] ], [ [ [ 9.32161, 41.25104 ], [ 9.32524, 41.2491 ], [ 9.32224, 41.24861 ], [ 9.32161, 41.25104 ] ] ], [ [ [ 9.18577, 41.25278 ], [ 9.18537, 41.25297 ], [ 9.18578, 41.25351 ], [ 9.18577, 41.25278 ] ] ], [ [ [ 9.34051, 41.25301 ], [ 9.34997, 41.25197 ], [ 9.35991, 41.24156 ], [ 9.3456, 41.22897 ], [ 9.33312, 41.23565 ], [ 9.33361, 41.24832 ], [ 9.34051, 41.25301 ] ] ], [ [ [ 9.39974, 41.25415 ], [ 9.39838, 41.25251 ], [ 9.39795, 41.25367 ], [ 9.39974, 41.25415 ] ] ], [ [ [ 9.23773, 41.25491 ], [ 9.23882, 41.25295 ], [ 9.23671, 41.25262 ], [ 9.23773, 41.25491 ] ] ], [ [ [ 9.41353, 41.25457 ], [ 9.41366, 41.25391 ], [ 9.41346, 41.25458 ], [ 9.41353, 41.25457 ] ] ], [ [ [ 9.23952, 41.25668 ], [ 9.23898, 41.25564 ], [ 9.23861, 41.25573 ], [ 9.23952, 41.25668 ] ] ], [ [ [ 9.24032, 41.25691 ], [ 9.24234, 41.25667 ], [ 9.24184, 41.25619 ], [ 9.24032, 41.25691 ] ] ], [ [ [ 9.226, 41.25907 ], [ 9.23532, 41.25822 ], [ 9.23701, 41.24604 ], [ 9.26114, 41.24093 ], [ 9.27954, 41.22881 ], [ 9.28194, 41.21918 ], [ 9.27224, 41.19443 ], [ 9.27993, 41.19382 ], [ 9.28786, 41.21942 ], [ 9.29853, 41.20356 ], [ 9.2882, 41.1964 ], [ 9.2905, 41.193 ], [ 9.31553, 41.19203 ], [ 9.32034, 41.20307 ], [ 9.31927, 41.19556 ], [ 9.33264, 41.18538 ], [ 9.34149, 41.19224 ], [ 9.33078, 41.19451 ], [ 9.34184, 41.20592 ], [ 9.35022, 41.2076 ], [ 9.35417, 41.20264 ], [ 9.36331, 41.20758 ], [ 9.37024, 41.18324 ], [ 9.38086, 41.1877 ], [ 9.38552, 41.18074 ], [ 9.42328, 41.17721 ], [ 9.42229, 41.16626 ], [ 9.40556, 41.15707 ], [ 9.42961, 41.15496 ], [ 9.43085, 41.14211 ], [ 9.44619, 41.13512 ], [ 9.44003, 41.1276 ], [ 9.44102, 41.10458 ], [ 9.45013, 41.10439 ], [ 9.47055, 41.12822 ], [ 9.47192, 41.13187 ], [ 9.46377, 41.13678 ], [ 9.46666, 41.14298 ], [ 9.51292, 41.14081 ], [ 9.5189, 41.14359 ], [ 9.51204, 41.15146 ], [ 9.52168, 41.15671 ], [ 9.53078, 41.15236 ], [ 9.52893, 41.14807 ], [ 9.53719, 41.13983 ], [ 9.526, 41.13428 ], [ 9.53898, 41.1367 ], [ 9.54579, 41.13369 ], [ 9.53841, 41.12261 ], [ 9.54042, 41.11444 ], [ 9.54718, 41.11257 ], [ 9.55721, 41.11962 ], [ 9.56688, 41.11578 ], [ 9.56158, 41.08412 ], [ 9.54918, 41.07881 ], [ 9.54178, 41.08348 ], [ 9.54271, 41.08976 ], [ 9.53521, 41.08249 ], [ 9.52894, 41.06874 ], [ 9.54119, 41.06499 ], [ 9.52431, 41.05358 ], [ 9.52258, 41.03138 ], [ 9.50528, 41.00911 ], [ 9.52111, 41.00985 ], [ 9.52972, 41.01788 ], [ 9.52725, 41.0271 ], [ 9.55036, 41.03123 ], [ 9.56105, 41.03767 ], [ 9.5509, 41.00694 ], [ 9.55548, 41.00377 ], [ 9.56958, 41.00794 ], [ 9.57687, 41.00289 ], [ 9.58014, 41.01393 ], [ 9.58636, 41.01089 ], [ 9.5942, 41.02175 ], [ 9.60656, 41.01847 ], [ 9.63105, 41.00209 ], [ 9.65538, 41.00434 ], [ 9.66437, 40.99445 ], [ 9.64666, 40.98535 ], [ 9.6112, 41.00316 ], [ 9.59784, 40.99088 ], [ 9.58468, 40.98643 ], [ 9.58357, 40.97584 ], [ 9.59386, 40.96789 ], [ 9.56815, 40.94244 ], [ 9.57499, 40.92821 ], [ 9.56292, 40.92401 ], [ 9.53913, 40.92587 ], [ 9.53438, 40.9331 ], [ 9.52708, 40.93344 ], [ 9.50824, 40.92869 ], [ 9.52431, 40.92227 ], [ 9.50842, 40.92394 ], [ 9.5015, 40.91971 ], [ 9.50225, 40.91331 ], [ 9.56113, 40.92079 ], [ 9.57595, 40.90405 ], [ 9.58866, 40.89961 ], [ 9.61238, 40.91927 ], [ 9.64413, 40.92002 ], [ 9.61774, 40.88942 ], [ 9.6344, 40.8844 ], [ 9.64256, 40.87309 ], [ 9.64607, 40.88001 ], [ 9.65424, 40.8796 ], [ 9.65778, 40.8757 ], [ 9.65291, 40.86285 ], [ 9.65788, 40.85644 ], [ 9.6677, 40.85311 ], [ 9.6813, 40.86114 ], [ 9.69287, 40.84748 ], [ 9.70694, 40.84297 ], [ 9.72725, 40.84333 ], [ 9.72473, 40.83804 ], [ 9.70864, 40.83163 ], [ 9.69529, 40.83673 ], [ 9.68586, 40.83532 ], [ 9.68216, 40.82134 ], [ 9.69181, 40.81117 ], [ 9.68814, 40.8064 ], [ 9.68091, 40.80898 ], [ 9.67369, 40.80446 ], [ 9.67139, 40.78467 ], [ 9.68669, 40.7665 ], [ 9.71774, 40.75055 ], [ 9.71208, 40.73963 ], [ 9.71577, 40.70894 ], [ 9.72273, 40.70035 ], [ 9.74225, 40.69137 ], [ 9.75249, 40.67384 ], [ 9.74193, 40.63689 ], [ 9.74406, 40.62401 ], [ 9.75276, 40.61413 ], [ 9.75176, 40.60087 ], [ 9.76281, 40.58773 ], [ 9.78159, 40.58053 ], [ 9.79077, 40.56981 ], [ 9.79577, 40.54474 ], [ 9.82839, 40.52844 ], [ 9.81682, 40.48776 ], [ 9.79259, 40.44306 ], [ 9.77402, 40.42679 ], [ 9.77319, 40.40752 ], [ 9.76182, 40.38886 ], [ 9.75433, 40.38117 ], [ 9.74275, 40.38135 ], [ 9.73031, 40.37534 ], [ 9.68231, 40.33697 ], [ 9.63642, 40.28277 ], [ 9.62387, 40.2523 ], [ 9.62971, 40.19045 ], [ 9.64638, 40.16832 ], [ 9.65656, 40.14233 ], [ 9.68894, 40.10849 ], [ 9.72823, 40.09108 ], [ 9.73568, 40.07749 ], [ 9.70609, 40.03427 ], [ 9.69924, 40.00222 ], [ 9.68757, 39.97907 ], [ 9.68689, 39.94827 ], [ 9.69974, 39.93591 ], [ 9.70572, 39.93672 ], [ 9.706, 39.94157 ], [ 9.71137, 39.93927 ], [ 9.71594, 39.92976 ], [ 9.71304, 39.9219 ], [ 9.69136, 39.91729 ], [ 9.68212, 39.90051 ], [ 9.68258, 39.87001 ], [ 9.69673, 39.85343 ], [ 9.68411, 39.83979 ], [ 9.67006, 39.78572 ], [ 9.67649, 39.71089 ], [ 9.65998, 39.69743 ], [ 9.66136, 39.67824 ], [ 9.64719, 39.6517 ], [ 9.65762, 39.58023 ], [ 9.6503, 39.56098 ], [ 9.65434, 39.55245 ], [ 9.63964, 39.54132 ], [ 9.6319, 39.50164 ], [ 9.64404, 39.48612 ], [ 9.64546, 39.46111 ], [ 9.63937, 39.43913 ], [ 9.63117, 39.43348 ], [ 9.60783, 39.38802 ], [ 9.59804, 39.35206 ], [ 9.60388, 39.32048 ], [ 9.63393, 39.29899 ], [ 9.63119, 39.29556 ], [ 9.62273, 39.29797 ], [ 9.60681, 39.29407 ], [ 9.58196, 39.26479 ], [ 9.57069, 39.24112 ], [ 9.56298, 39.1985 ], [ 9.56504, 39.18906 ], [ 9.57786, 39.1844 ], [ 9.5789, 39.17559 ], [ 9.57038, 39.16744 ], [ 9.56156, 39.13847 ], [ 9.55615, 39.13338 ], [ 9.53236, 39.12908 ], [ 9.52095, 39.11764 ], [ 9.52379, 39.09467 ], [ 9.50249, 39.10984 ], [ 9.5095, 39.12167 ], [ 9.5029, 39.13116 ], [ 9.48383, 39.13535 ], [ 9.46601, 39.12685 ], [ 9.45051, 39.1291 ], [ 9.43765, 39.12201 ], [ 9.43391, 39.13015 ], [ 9.40852, 39.1432 ], [ 9.39227, 39.14459 ], [ 9.39063, 39.15756 ], [ 9.37106, 39.17378 ], [ 9.35114, 39.17799 ], [ 9.33874, 39.19342 ], [ 9.32076, 39.20443 ], [ 9.30467, 39.20498 ], [ 9.29653, 39.2132 ], [ 9.24675, 39.2168 ], [ 9.23095, 39.22779 ], [ 9.20979, 39.22681 ], [ 9.18517, 39.21815 ], [ 9.16533, 39.20422 ], [ 9.15986, 39.19367 ], [ 9.16952, 39.18883 ], [ 9.15868, 39.18132 ], [ 9.13993, 39.18898 ], [ 9.11088, 39.21357 ], [ 9.09842, 39.21103 ], [ 9.06788, 39.19759 ], [ 9.03925, 39.17338 ], [ 9.02049, 39.15082 ], [ 9.00907, 39.12374 ], [ 9.01661, 39.08655 ], [ 9.02435, 39.08243 ], [ 9.03737, 39.08802 ], [ 9.04885, 39.08876 ], [ 9.05393, 39.08522 ], [ 9.03817, 39.08637 ], [ 9.02515, 39.08105 ], [ 9.04571, 39.05597 ], [ 9.02466, 39.02064 ], [ 9.02696, 39.00076 ], [ 9.01756, 38.99623 ], [ 9.01369, 38.98574 ], [ 9.00043, 38.98616 ], [ 8.99408, 38.97574 ], [ 8.92139, 38.9255 ], [ 8.90268, 38.90525 ], [ 8.86083, 38.88241 ], [ 8.8552, 38.87584 ], [ 8.83364, 38.87845 ], [ 8.82186, 38.89325 ], [ 8.80938, 38.89352 ], [ 8.80598, 38.89966 ], [ 8.7996, 38.89729 ], [ 8.80052, 38.88412 ], [ 8.77857, 38.90374 ], [ 8.77493, 38.915 ], [ 8.7203, 38.9365 ], [ 8.71859, 38.92613 ], [ 8.68164, 38.90935 ], [ 8.67152, 38.90831 ], [ 8.66412, 38.91251 ], [ 8.67028, 38.8972 ], [ 8.64967, 38.89489 ], [ 8.64875, 38.88603 ], [ 8.65851, 38.88195 ], [ 8.65799, 38.87065 ], [ 8.64329, 38.86418 ], [ 8.6366, 38.86793 ], [ 8.64663, 38.87623 ], [ 8.64097, 38.88294 ], [ 8.64639, 38.89422 ], [ 8.60766, 38.89337 ], [ 8.60705, 38.9041 ], [ 8.62069, 38.92054 ], [ 8.62231, 38.94139 ], [ 8.60668, 38.96193 ], [ 8.59802, 38.96226 ], [ 8.58671, 38.95576 ], [ 8.58931, 38.96401 ], [ 8.56524, 38.99961 ], [ 8.57643, 39.0229 ], [ 8.5649, 39.04543 ], [ 8.54854, 39.04444 ], [ 8.53089, 39.05938 ], [ 8.51718, 39.06165 ], [ 8.49775, 39.06321 ], [ 8.46833, 39.05524 ], [ 8.45276, 39.02473 ], [ 8.45048, 38.98898 ], [ 8.44194, 38.96813 ], [ 8.41409, 38.95526 ], [ 8.40454, 38.961 ], [ 8.39403, 38.98681 ], [ 8.36464, 39.03011 ], [ 8.35022, 39.07587 ], [ 8.34977, 39.08298 ], [ 8.35787, 39.08766 ], [ 8.35133, 39.09625 ], [ 8.36139, 39.1013 ], [ 8.36206, 39.10919 ], [ 8.36998, 39.11407 ], [ 8.38038, 39.09964 ], [ 8.4274, 39.10705 ], [ 8.43378, 39.0952 ], [ 8.45649, 39.08374 ], [ 8.45976, 39.06497 ], [ 8.46658, 39.05742 ], [ 8.47801, 39.06095 ], [ 8.48792, 39.0848 ], [ 8.46646, 39.11871 ], [ 8.43976, 39.11497 ], [ 8.43456, 39.13191 ], [ 8.43804, 39.15563 ], [ 8.414, 39.17214 ], [ 8.40939, 39.16495 ], [ 8.41736, 39.14785 ], [ 8.41136, 39.14951 ], [ 8.3994, 39.19411 ], [ 8.39624, 39.19892 ], [ 8.3901, 39.19722 ], [ 8.38171, 39.20188 ], [ 8.3686, 39.21639 ], [ 8.36698, 39.22832 ], [ 8.41054, 39.26373 ], [ 8.42405, 39.26837 ], [ 8.43679, 39.28993 ], [ 8.43144, 39.31216 ], [ 8.41794, 39.32351 ], [ 8.42037, 39.33259 ], [ 8.39574, 39.33951 ], [ 8.39558, 39.34733 ], [ 8.38717, 39.3523 ], [ 8.38897, 39.36308 ], [ 8.37314, 39.37453 ], [ 8.40423, 39.40787 ], [ 8.41269, 39.42809 ], [ 8.4109, 39.44118 ], [ 8.38219, 39.45582 ], [ 8.38531, 39.47138 ], [ 8.40971, 39.49282 ], [ 8.45039, 39.54467 ], [ 8.47057, 39.59894 ], [ 8.46555, 39.61619 ], [ 8.45543, 39.62031 ], [ 8.45028, 39.63346 ], [ 8.45666, 39.67012 ], [ 8.44477, 39.67774 ], [ 8.45529, 39.71048 ], [ 8.447, 39.71754 ], [ 8.44883, 39.7415 ], [ 8.44397, 39.7581 ], [ 8.45117, 39.76936 ], [ 8.45984, 39.76846 ], [ 8.49768, 39.72081 ], [ 8.49907, 39.71733 ], [ 8.48858, 39.71559 ], [ 8.50293, 39.71416 ], [ 8.52024, 39.74471 ], [ 8.51188, 39.75308 ], [ 8.53245, 39.77182 ], [ 8.54537, 39.79519 ], [ 8.55554, 39.84859 ], [ 8.55266, 39.86092 ], [ 8.54582, 39.86034 ], [ 8.55608, 39.86226 ], [ 8.56555, 39.86013 ], [ 8.56949, 39.86374 ], [ 8.55201, 39.86398 ], [ 8.54012, 39.8688 ], [ 8.5445, 39.87485 ], [ 8.53764, 39.89149 ], [ 8.52403, 39.90236 ], [ 8.50568, 39.90786 ], [ 8.46646, 39.90362 ], [ 8.46909, 39.90147 ], [ 8.44193, 39.88002 ], [ 8.43935, 39.86402 ], [ 8.4355, 39.85797 ], [ 8.43175, 39.8622 ], [ 8.43834, 39.86759 ], [ 8.43857, 39.87529 ], [ 8.43212, 39.88697 ], [ 8.41181, 39.90003 ], [ 8.40199, 39.89858 ], [ 8.39881, 39.90374 ], [ 8.40136, 39.95699 ], [ 8.39389, 39.97991 ], [ 8.40684, 39.9953 ], [ 8.41408, 40.017 ], [ 8.40188, 40.03253 ], [ 8.38093, 40.02962 ], [ 8.37724, 40.03573 ], [ 8.38398, 40.04208 ], [ 8.39657, 40.04398 ], [ 8.39912, 40.05127 ], [ 8.41242, 40.0412 ], [ 8.43793, 40.05233 ], [ 8.44357, 40.04772 ], [ 8.4537, 40.05081 ], [ 8.49278, 40.08655 ], [ 8.4849, 40.11778 ], [ 8.4583, 40.15414 ], [ 8.46135, 40.17226 ], [ 8.45707, 40.17527 ], [ 8.46742, 40.19999 ], [ 8.4621, 40.21404 ], [ 8.48312, 40.28349 ], [ 8.46693, 40.29779 ], [ 8.46368, 40.31535 ], [ 8.45386, 40.31997 ], [ 8.44223, 40.31901 ], [ 8.43275, 40.33307 ], [ 8.39512, 40.3399 ], [ 8.38305, 40.33844 ], [ 8.37926, 40.35997 ], [ 8.38939, 40.36983 ], [ 8.4002, 40.4029 ], [ 8.39776, 40.43044 ], [ 8.37372, 40.49093 ], [ 8.36788, 40.49643 ], [ 8.33776, 40.50009 ], [ 8.33881, 40.50722 ], [ 8.30943, 40.56068 ], [ 8.31472, 40.56053 ], [ 8.31122, 40.56548 ], [ 8.31671, 40.56511 ], [ 8.3176, 40.57069 ], [ 8.30589, 40.58645 ], [ 8.28692, 40.59462 ], [ 8.26809, 40.5899 ], [ 8.26334, 40.58298 ], [ 8.24719, 40.58246 ], [ 8.24382, 40.56987 ], [ 8.20327, 40.56903 ], [ 8.19788, 40.57626 ], [ 8.21936, 40.6018 ], [ 8.20949, 40.61483 ], [ 8.19406, 40.6182 ], [ 8.18894, 40.60657 ], [ 8.17306, 40.59423 ], [ 8.17151, 40.58162 ], [ 8.16664, 40.58426 ], [ 8.16295, 40.58097 ], [ 8.1644, 40.56032 ], [ 8.15786, 40.56622 ], [ 8.14347, 40.62344 ], [ 8.18655, 40.63907 ], [ 8.19221, 40.66278 ], [ 8.2049, 40.6849 ], [ 8.2006, 40.68938 ], [ 8.17475, 40.69471 ], [ 8.16949, 40.70874 ], [ 8.13312, 40.73118 ], [ 8.15406, 40.74909 ], [ 8.16597, 40.7672 ], [ 8.16662, 40.78087 ], [ 8.16062, 40.79089 ], [ 8.19162, 40.82208 ], [ 8.19308, 40.83509 ], [ 8.2186, 40.86951 ], [ 8.22293, 40.8875 ], [ 8.21268, 40.90307 ], [ 8.19167, 40.91392 ], [ 8.18772, 40.92585 ], [ 8.17593, 40.9352 ], [ 8.20356, 40.97182 ], [ 8.21291, 40.96103 ], [ 8.23638, 40.94934 ], [ 8.23329, 40.9397 ], [ 8.22756, 40.93857 ], [ 8.23857, 40.90297 ], [ 8.2823, 40.86352 ], [ 8.31373, 40.84489 ], [ 8.34314, 40.84145 ], [ 8.35015, 40.85035 ], [ 8.36251, 40.85292 ], [ 8.38472, 40.85116 ], [ 8.35223, 40.8505 ], [ 8.34811, 40.84059 ], [ 8.41754, 40.83993 ], [ 8.4468, 40.8227 ], [ 8.46357, 40.81913 ], [ 8.52484, 40.82388 ], [ 8.567, 40.83334 ], [ 8.60767, 40.85124 ], [ 8.62597, 40.8666 ], [ 8.63205, 40.88063 ], [ 8.64746, 40.89054 ], [ 8.68296, 40.9029 ], [ 8.69977, 40.91479 ], [ 8.71112, 40.91837 ], [ 8.72605, 40.91272 ], [ 8.73994, 40.91806 ], [ 8.77141, 40.91647 ], [ 8.79325, 40.92416 ], [ 8.83522, 40.95607 ], [ 8.86445, 40.98546 ], [ 8.87635, 41.00849 ], [ 8.86936, 41.01454 ], [ 8.88824, 41.01728 ], [ 8.88221, 41.02822 ], [ 8.89232, 41.02722 ], [ 8.9038, 41.03562 ], [ 8.91605, 41.03556 ], [ 8.92939, 41.04344 ], [ 8.98152, 41.08663 ], [ 8.98179, 41.09251 ], [ 9.01188, 41.12379 ], [ 9.04633, 41.13808 ], [ 9.06051, 41.12752 ], [ 9.10772, 41.13395 ], [ 9.12287, 41.14697 ], [ 9.12058, 41.15518 ], [ 9.14907, 41.15515 ], [ 9.16774, 41.16811 ], [ 9.17106, 41.17704 ], [ 9.15411, 41.19725 ], [ 9.16708, 41.22899 ], [ 9.15997, 41.23583 ], [ 9.14359, 41.23244 ], [ 9.13836, 41.23856 ], [ 9.14388, 41.24674 ], [ 9.16537, 41.23642 ], [ 9.18095, 41.24803 ], [ 9.19447, 41.2459 ], [ 9.19492, 41.24048 ], [ 9.226, 41.25907 ] ] ], [ [ [ 9.42113, 41.26833 ], [ 9.43076, 41.2604 ], [ 9.43564, 41.24683 ], [ 9.43267, 41.22578 ], [ 9.43893, 41.23539 ], [ 9.44609, 41.23376 ], [ 9.43601, 41.22867 ], [ 9.43956, 41.21585 ], [ 9.4153, 41.21618 ], [ 9.39903, 41.21027 ], [ 9.38287, 41.21017 ], [ 9.37418, 41.22581 ], [ 9.37744, 41.23399 ], [ 9.40054, 41.24291 ], [ 9.40033, 41.25833 ], [ 9.41333, 41.25073 ], [ 9.41602, 41.25681 ], [ 9.4147, 41.26818 ], [ 9.42113, 41.26833 ] ] ], [ [ [ 9.40232, 41.27603 ], [ 9.40328, 41.27555 ], [ 9.40305, 41.27516 ], [ 9.40232, 41.27603 ] ] ], [ [ [ 9.40321, 41.27635 ], [ 9.40374, 41.27642 ], [ 9.40353, 41.27603 ], [ 9.40321, 41.27635 ] ] ], [ [ [ 9.36333, 41.2835 ], [ 9.36431, 41.28339 ], [ 9.36335, 41.28313 ], [ 9.36333, 41.2835 ] ] ], [ [ [ 9.36502, 41.28331 ], [ 9.36473, 41.28369 ], [ 9.3652, 41.28369 ], [ 9.36502, 41.28331 ] ] ], [ [ [ 9.36518, 41.28586 ], [ 9.36462, 41.28531 ], [ 9.36438, 41.28548 ], [ 9.36518, 41.28586 ] ] ], [ [ [ 9.39991, 41.28466 ], [ 9.40284, 41.28172 ], [ 9.40059, 41.28054 ], [ 9.39991, 41.28466 ] ] ], [ [ [ 9.33732, 41.28669 ], [ 9.33637, 41.28604 ], [ 9.33694, 41.28688 ], [ 9.33732, 41.28669 ] ] ], [ [ [ 9.36564, 41.28708 ], [ 9.36676, 41.28613 ], [ 9.36536, 41.28609 ], [ 9.36564, 41.28708 ] ] ], [ [ [ 9.39982, 41.28719 ], [ 9.40095, 41.287 ], [ 9.40061, 41.28668 ], [ 9.39982, 41.28719 ] ] ], [ [ [ 9.39968, 41.28725 ], [ 9.39914, 41.28726 ], [ 9.39948, 41.28751 ], [ 9.39968, 41.28725 ] ] ], [ [ [ 9.36179, 41.28759 ], [ 9.36264, 41.28772 ], [ 9.36219, 41.2873 ], [ 9.36179, 41.28759 ] ] ], [ [ [ 9.35417, 41.28897 ], [ 9.35676, 41.27788 ], [ 9.34894, 41.27596 ], [ 9.33567, 41.28164 ], [ 9.35417, 41.28897 ] ] ], [ [ [ 9.33361, 41.2948 ], [ 9.33394, 41.29437 ], [ 9.33348, 41.29436 ], [ 9.33361, 41.2948 ] ] ], [ [ [ 9.3383, 41.29512 ], [ 9.33779, 41.29459 ], [ 9.33764, 41.29487 ], [ 9.3383, 41.29512 ] ] ], [ [ [ 9.33564, 41.29521 ], [ 9.33537, 41.29428 ], [ 9.33508, 41.29452 ], [ 9.33564, 41.29521 ] ] ], [ [ [ 9.33413, 41.29505 ], [ 9.33478, 41.29447 ], [ 9.33416, 41.29456 ], [ 9.33413, 41.29505 ] ] ], [ [ [ 9.33279, 41.2952 ], [ 9.33218, 41.29515 ], [ 9.33264, 41.2954 ], [ 9.33279, 41.2952 ] ] ], [ [ [ 9.40359, 41.29641 ], [ 9.40695, 41.29428 ], [ 9.4061, 41.29359 ], [ 9.40359, 41.29641 ] ] ], [ [ [ 9.39925, 41.29868 ], [ 9.40223, 41.29454 ], [ 9.40125, 41.29271 ], [ 9.3963, 41.29489 ], [ 9.39925, 41.29868 ] ] ], [ [ [ 9.40023, 41.30196 ], [ 9.4012, 41.3011 ], [ 9.40005, 41.3013 ], [ 9.40023, 41.30196 ] ] ], [ [ [ 9.37961, 41.30818 ], [ 9.38453, 41.29825 ], [ 9.3672, 41.28829 ], [ 9.36283, 41.29751 ], [ 9.37961, 41.30818 ] ] ], [ [ [ 9.34183, 41.30855 ], [ 9.35356, 41.30281 ], [ 9.35921, 41.29422 ], [ 9.33367, 41.30174 ], [ 9.34183, 41.30855 ] ] ], [ [ [ 9.36889, 41.30983 ], [ 9.36957, 41.30858 ], [ 9.36774, 41.3091 ], [ 9.36889, 41.30983 ] ] ], [ [ [ 9.3763, 41.31274 ], [ 9.38036, 41.30843 ], [ 9.37029, 41.30906 ], [ 9.37118, 41.31119 ], [ 9.3763, 41.31274 ] ] ], [ [ [ 9.36925, 41.31331 ], [ 9.36999, 41.31269 ], [ 9.36913, 41.31285 ], [ 9.36925, 41.31331 ] ] ] ] } }
]
}
